﻿{"class":[{"id":"C","className":"(AP)미적분학Ⅱ","place":"수교2","day":"0","time":"0"},{"id":"C","className":"(AP)일반물리학Ⅱ","place":"물교","day":"0","time":"0"},{"id":"C1","className":"융합@수학Ⅰ","place":"수교1","day":"0","time":"0"},{"id":"C1","className":"웹프로그래밍","place":"컴2","day":"0","time":"0"},{"id":"C","className":"(AP)미적분학Ⅱ","place":"수교2","day":"0","time":"1"},{"id":"C","className":"(AP)일반물리학Ⅱ","place":"물교","day":"0","time":"1"},{"id":"C1","className":"융합@수학Ⅰ","place":"수교1","day":"0","time":"1"},{"id":"C1","className":"웹프로그래밍","place":"컴2","day":"0","time":"1"},{"id":"A","className":"(AP)미적분학Ⅱ","place":"수교2","day":"0","time":"2"},{"id":"A","className":"(AP)일반물리학Ⅱ","place":"물교","day":"0","time":"2"},{"id":"A","className":"(AP)일반화학Ⅱ","place":"3층 R&E","day":"0","time":"2"},{"id":"A","className":"(AP)일반생물학","place":"생교","day":"0","time":"2"},{"id":"A","className":"(AP)미적분학Ⅱ","place":"수교2","day":"0","time":"3"},{"id":"A","className":"(AP)일반물리학Ⅱ","place":"물교","day":"0","time":"3"},{"id":"A","className":"(AP)일반화학Ⅱ","place":"3층 R&E","day":"0","time":"3"},{"id":"A","className":"(AP)일반생물학","place":"생교","day":"0","time":"3"},{"id":"L","className":"컴퓨팅사고력과 문제해결","place":"컴2","day":"0","time":"4"},{"id":"L","className":"물상과학과 융합","place":"지교","day":"0","time":"4"},{"id":"L","className":"아름다운바이오화학","place":"생교","day":"0","time":"4"},{"id":"B","className":"(AP)미적분학Ⅱ","place":"수교2","day":"0","time":"5"},{"id":"B","className":"(AP)일반물리학Ⅱ","place":"물교","day":"0","time":"5"},{"id":"B","className":"(AP)일반화학Ⅱ","place":"3층 R&E","day":"0","time":"5"},{"id":"B","className":"융합@수학Ⅰ","place":"수교1","day":"0","time":"5"},{"id":"B","className":"(AP)미적분학Ⅱ","place":"수교2","day":"0","time":"6"},{"id":"B","className":"(AP)일반물리학Ⅱ","place":"물교","day":"0","time":"6"},{"id":"B","className":"(AP)일반화학Ⅱ","place":"3층 R&E","day":"0","time":"6"},{"id":"B","className":"융합@수학Ⅰ","place":"수교1","day":"0","time":"6"},{"id":"A","className":"(AP)미적분학Ⅱ","place":"수교2","day":"1","time":"0"},{"id":"A","className":"(AP)일반물리학Ⅱ","place":"물교","day":"1","time":"0"},{"id":"A","className":"(AP)일반화학Ⅱ","place":"3층 R&E실","day":"1","time":"0"},{"id":"A","className":"(AP)일반생물학","place":"생교","day":"1","time":"0"},{"id":"A","className":"(AP)미적분학Ⅱ","place":"수교2","day":"1","time":"1"},{"id":"A","className":"(AP)일반물리학Ⅱ","place":"물교","day":"1","time":"1"},{"id":"A","className":"(AP)일반화학Ⅱ","place":"3층 R&E실","day":"1","time":"1"},{"id":"A","className":"(AP)일반생물학","place":"생교","day":"1","time":"1"},{"id":"M","className":"컴퓨팅사고력과 문제해결","place":"컴2","day":"1","time":"2"},{"id":"M","className":"물상과학과 융합","place":"물실1","day":"1","time":"2"},{"id":"M","className":"법과 정치","place":"인문2","day":"1","time":"2"},{"id":"M","className":"한국지리","place":"인문3","day":"1","time":"2"},{"id":"M","className":"컴퓨팅사고력과 문제해결","place":"컴2","day":"1","time":"3"},{"id":"M","className":"물상과학과 융합","place":"물실1","day":"1","time":"3"},{"id":"M","className":"법과 정치","place":"인문2","day":"1","time":"3"},{"id":"M","className":"한국지리","place":"인문3","day":"1","time":"3"},{"id":"O","className":"컴퓨팅사고력과 문제해결","place":"컴2","day":"1","time":"4"},{"id":"O","className":"물상과학과 융합","place":"지교","day":"1","time":"4"},{"id":"O","className":"정수론","place":"수교1","day":"1","time":"4"},{"id":"O","className":"아름다운바이오화학","place":"화실1/생교","day":"1","time":"4"},{"id":"N","className":"컴퓨팅사고력과 문제해결","place":"컴2","day":"1","time":"5"},{"id":"N","className":"물상과학과 융합","place":"물실1","day":"1","time":"5"},{"id":"N","className":"아름다운바이오화학","place":"화실1","day":"1","time":"5"},{"id":"N","className":"법과 정치","place":"인문2","day":"1","time":"5"},{"id":"N","className":"(AP)일반물리학 실험Ⅱ","place":"물실2","day":"1","time":"5"},{"id":"N","className":"컴퓨팅사고력과 문제해결","place":"컴2","day":"1","time":"6"},{"id":"N","className":"물상과학과 융합","place":"물실1","day":"1","time":"6"},{"id":"N","className":"아름다운바이오화학","place":"화실1","day":"1","time":"6"},{"id":"N","className":"법과 정치","place":"인문2","day":"1","time":"6"},{"id":"N","className":"(AP)일반물리학 실험Ⅱ","place":"물실2","day":"1","time":"6"},{"id":"W","className":"논리적글쓰기","place":"인문1","day":"1","time":"7"},{"id":"W","className":"아티언스","place":"음악실","day":"1","time":"7"},{"id":"W","className":"고급영어작문","place":"외교3","day":"1","time":"7"},{"id":"W","className":"논리적글쓰기","place":"인문1","day":"1","time":"8"},{"id":"W","className":"아티언스","place":"음악실","day":"1","time":"8"},{"id":"W","className":"고급영어작문","place":"외교3","day":"1","time":"8"},{"id":"L","className":"컴퓨팅사고력과 문제해결","place":"컴2","day":"2","time":"0"},{"id":"L","className":"물상과학과 융합","place":"물실1","day":"2","time":"0"},{"id":"L","className":"아름다운바이오화학","place":"화실1/생교","day":"2","time":"0"},{"id":"L","className":"법과 정치","place":"인문2","day":"2","time":"0"},{"id":"L","className":"컴퓨팅사고력과 문제해결","place":"컴2","day":"2","time":"1"},{"id":"L","className":"물상과학과 융합","place":"물실1","day":"2","time":"1"},{"id":"L","className":"아름다운바이오화학","place":"생교","day":"2","time":"1"},{"id":"L","className":"법과 정치","place":"인문2","day":"2","time":"1"},{"id":"D","className":"(AP)미적분학Ⅱ","place":"수교2","day":"2","time":"2"},{"id":"D","className":"(AP)일반물리학Ⅱ","place":"물교","day":"2","time":"2"},{"id":"D1","className":"융합@수학Ⅰ","place":"수교7","day":"2","time":"2"},{"id":"D1","className":"웹프로그래밍","place":"컴2","day":"2","time":"2"},{"id":"D1","className":"정수론","place":"수교1","day":"2","time":"2"},{"id":"D","className":"(AP)미적분학Ⅱ","place":"수교2","day":"2","time":"3"},{"id":"D","className":"(AP)일반물리학Ⅱ","place":"물교","day":"2","time":"3"},{"id":"D2","className":"단체운동","place":"어울짐","day":"2","time":"3"},{"id":"N","className":"컴퓨팅사고력과 문제해결","place":"컴2","day":"2","time":"4"},{"id":"N","className":"물상과학과 융합","place":"지교","day":"2","time":"4"},{"id":"N","className":"아름다운바이오화학","place":"화실1","day":"2","time":"4"},{"id":"D","className":"(AP)미적분학Ⅱ","place":"수교2","day":"3","time":"0"},{"id":"D","className":"(AP)일반물리학Ⅱ","place":"물교","day":"3","time":"0"},{"id":"D1","className":"융합@수학Ⅰ","place":"수교6","day":"3","time":"0"},{"id":"D1","className":"웹프로그래밍","place":"컴퓨2","day":"3","time":"0"},{"id":"D1","className":"정수론","place":"수교1","day":"3","time":"0"},{"id":"D","className":"(AP)미적분학Ⅱ","place":"수교2","day":"3","time":"1"},{"id":"D","className":"(AP)일반물리학Ⅱ","place":"물교","day":"3","time":"1"},{"id":"D1","className":"융합@수학Ⅰ","place":"수교6","day":"3","time":"1"},{"id":"D1","className":"웹프로그래밍","place":"컴퓨2","day":"3","time":"1"},{"id":"D1","className":"정수론","place":"수교1","day":"3","time":"1"},{"id":"Y","className":"논리적글쓰기","place":"인문1","day":"3","time":"2"},{"id":"Y","className":"아티언스","place":"음악실","day":"3","time":"2"},{"id":"Y","className":"고급영어작문","place":"외교1","day":"3","time":"2"},{"id":"Y","className":"(AP)일반화학실험Ⅱ","place":"화실1","day":"3","time":"2"},{"id":"Y","className":"논리적글쓰기","place":"인문1","day":"3","time":"3"},{"id":"Y","className":"아티언스","place":"음악실","day":"3","time":"3"},{"id":"Y","className":"고급영어작문","place":"외교1","day":"3","time":"3"},{"id":"Y","className":"(AP)일반화학실험Ⅱ","place":"화실1","day":"3","time":"3"},{"id":"M","className":"컴퓨팅사고력과 문제해결","place":"컴2","day":"3","time":"4"},{"id":"M","className":"물상과학과 융합","place":"지교","day":"3","time":"4"},{"id":"O","className":"컴퓨팅사고력과 문제해결","place":"컴2","day":"3","time":"5"},{"id":"O","className":"물상과학과 융합","place":"물실1","day":"3","time":"5"},{"id":"O","className":"정수론","place":"수교1","day":"3","time":"5"},{"id":"O","className":"아름다운바이오화학","place":"화실1/생교","day":"3","time":"5"},{"id":"O","className":"고급영어작문","place":"외교1","day":"3","time":"5"},{"id":"O","className":"컴퓨팅사고력과 문제해결","place":"컴2","day":"3","time":"6"},{"id":"O","className":"물상과학과 융합","place":"물실1","day":"3","time":"6"},{"id":"O","className":"정수론","place":"수교1","day":"3","time":"6"},{"id":"O","className":"아름다운바이오화학","place":"화실1/생교","day":"3","time":"6"},{"id":"O","className":"고급영어작문","place":"외교1","day":"3","time":"6"},{"id":"B","className":"(AP)미적분학Ⅱ","place":"수교2","day":"3","time":"7"},{"id":"B","className":"(AP)일반물리학Ⅱ","place":"물교","day":"3","time":"7"},{"id":"B","className":"(AP)일반화학Ⅱ","place":"3층 R&E","day":"3","time":"7"},{"id":"B","className":"융합@수학Ⅰ","place":"수교1","day":"3","time":"7"},{"id":"B","className":"(AP)미적분학Ⅱ","place":"수교2","day":"3","time":"8"},{"id":"B","className":"(AP)일반물리학Ⅱ","place":"물교","day":"3","time":"8"},{"id":"B","className":"(AP)일반화학Ⅱ","place":"3층 R&E","day":"3","time":"8"},{"id":"Z","className":"논리적글쓰기","place":"인문1","day":"4","time":"0"},{"id":"Z","className":"아티언스","place":"음악실","day":"4","time":"0"},{"id":"Z","className":"고급영어토론","place":"외교3","day":"4","time":"0"},{"id":"Z","className":"논리적글쓰기","place":"인문1","day":"4","time":"1"},{"id":"Z","className":"아티언스","place":"음악실","day":"4","time":"1"},{"id":"Z","className":"고급영어토론","place":"외교3","day":"4","time":"1"},{"id":"C","className":"(AP)미적분학Ⅱ","place":"수교2","day":"4","time":"2"},{"id":"C","className":"(AP)일반물리학Ⅱ","place":"물교","day":"4","time":"2"},{"id":"C2","className":"단체운동","place":"어울짐","day":"4","time":"2"},{"id":"C","className":"(AP)미적분학Ⅱ","place":"수교2","day":"4","time":"3"},{"id":"C","className":"(AP)일반물리학Ⅱ","place":"물교","day":"4","time":"3"},{"id":"C1","className":"융합@수학Ⅰ","place":"수교1","day":"4","time":"3"},{"id":"C1","className":"웹프로그래밍","place":"컴2","day":"4","time":"3"},{"id":"X","className":"(AP)일반물리학 실험Ⅱ","place":"물실2","day":"4","time":"4"},{"id":"X","className":"생명과학실험Ⅱ","place":"생실1","day":"4","time":"4"},{"id":"X","className":"논리적글쓰기","place":"인문1","day":"4","time":"4"},{"id":"X","className":"아티언스","place":"음악실","day":"4","time":"4"},{"id":"X","className":"고급영어작문","place":"외교1","day":"4","time":"4"},{"id":"X","className":"(AP)일반물리학 실험Ⅱ","place":"물실2","day":"4","time":"5"},{"id":"X","className":"생명과학실험Ⅱ","place":"생실1","day":"4","time":"5"},{"id":"X","className":"논리적글쓰기","place":"인문1","day":"4","time":"5"},{"id":"X","className":"아티언스","place":"음악실","day":"4","time":"5"},{"id":"X","className":"고급영어작문","place":"외교1","day":"4","time":"5"}],"user":[{"name":"김새봄","id":"20101","data":[{"className":"(AP)미적분학Ⅱ","id":"D"},{"className":"(AP)일반화학Ⅱ","id":"B"},{"className":"(AP)일반생물학","id":"A"},{"className":"단체운동","id":"C2"},{"className":"컴퓨팅사고력과 문제해결","id":"L"},{"className":"아름다운바이오화학","id":"N"},{"className":"법과 정치","id":"M"},{"className":"생명과학실험Ⅱ","id":"X"},{"className":"논리적글쓰기","id":"Y"},{"className":"아티언스","id":"W"},{"className":"고급영어토론","id":"Z"}]},{"name":"김예원","id":"20102","data":[{"className":"(AP)미적분학Ⅱ","id":"C"},{"className":"(AP)일반화학Ⅱ","id":"B"},{"className":"(AP)일반생물학","id":"A"},{"className":"융합@수학Ⅰ","id":"D1"},{"className":"컴퓨팅사고력과 문제해결","id":"L"},{"className":"아름다운바이오화학","id":"N"},{"className":"한국지리","id":"M"},{"className":"고급영어작문","id":"X"},{"className":"논리적글쓰기","id":"Z"},{"className":"아티언스","id":"Y"}]},{"name":"소유진","id":"20103","data":[{"className":"(AP)미적분학Ⅱ","id":"A"},{"className":"(AP)일반물리학Ⅱ","id":"C"},{"className":"융합@수학Ⅰ","id":"B"},{"className":"웹프로그래밍","id":"D1"},{"className":"단체운동","id":"D2"},{"className":"컴퓨팅사고력과 문제해결","id":"N"},{"className":"물상과학과 융합","id":"M"},{"className":"법과 정치","id":"L"},{"className":"논리적글쓰기","id":"Y"},{"className":"아티언스","id":"X"},{"className":"고급영어토론","id":"Z"}]},{"name":"정지현","id":"20104","data":[{"className":"(AP)미적분학Ⅱ","id":"D"},{"className":"(AP)일반물리학Ⅱ","id":"B"},{"className":"(AP)일반화학Ⅱ","id":"A"},{"className":"융합@수학Ⅰ","id":"C1"},{"className":"단체운동","id":"C2"},{"className":"컴퓨팅사고력과 문제해결","id":"L"},{"className":"아름다운바이오화학","id":"N"},{"className":"법과 정치","id":"M"},{"className":"논리적글쓰기","id":"X"},{"className":"아티언스","id":"Y"},{"className":"고급영어토론","id":"Z"}]},{"name":"강하균","id":"20105","data":[{"className":"(AP)미적분학Ⅱ","id":"A"},{"className":"(AP)일반물리학Ⅱ","id":"B"},{"className":"융합@수학Ⅰ","id":"C1"},{"className":"웹프로그래밍","id":"D1"},{"className":"정수론","id":"O"},{"className":"컴퓨팅사고력과 문제해결","id":"N"},{"className":"아름다운바이오화학","id":"L"},{"className":"법과 정치","id":"M"},{"className":"고급영어작문","id":"X"},{"className":"논리적글쓰기","id":"Y"},{"className":"아티언스","id":"W"}]},{"name":"김준호","id":"20106","data":[{"className":"(AP)미적분학Ⅱ","id":"D"},{"className":"(AP)일반물리학Ⅱ","id":"A"},{"className":"융합@수학Ⅰ","id":"B"},{"className":"웹프로그래밍","id":"C1"},{"className":"컴퓨팅사고력과 문제해결","id":"L"},{"className":"물상과학과 융합","id":"M"},{"className":"법과 정치","id":"N"},{"className":"고급영어작문","id":"O"},{"className":"논리적글쓰기","id":"X"},{"className":"아티언스","id":"W"}]},{"name":"송지훈","id":"20107","data":[{"className":"(AP)미적분학Ⅱ","id":"A"},{"className":"(AP)일반물리학Ⅱ","id":"D"},{"className":"융합@수학Ⅰ","id":"B"},{"className":"웹프로그래밍","id":"C1"},{"className":"컴퓨팅사고력과 문제해결","id":"L"},{"className":"물상과학과 융합","id":"N"},{"className":"법과 정치","id":"M"},{"className":"고급영어작문","id":"O"},{"className":"논리적글쓰기","id":"X"},{"className":"아티언스","id":"W"}]},{"name":"신재훈","id":"20108","data":[{"className":"(AP)미적분학Ⅱ","id":"D"},{"className":"(AP)일반물리학Ⅱ","id":"C"},{"className":"(AP)일반화학Ⅱ","id":"A"},{"className":"컴퓨팅사고력과 문제해결","id":"L"},{"className":"물상과학과 융합","id":"N"},{"className":"아름다운바이오화학","id":"O"},{"className":"한국지리","id":"M"},{"className":"논리적글쓰기","id":"X"},{"className":"아티언스","id":"Y"},{"className":"고급영어토론","id":"Z"}]},{"name":"연규환","id":"20109","data":[{"className":"(AP)미적분학Ⅱ","id":"B"},{"className":"(AP)일반물리학Ⅱ","id":"D"},{"className":"(AP)일반생물학","id":"A"},{"className":"컴퓨팅사고력과 문제해결","id":"N"},{"className":"물상과학과 융합","id":"O"},{"className":"아름다운바이오화학","id":"L"},{"className":"법과 정치","id":"M"},{"className":"생명과학실험Ⅱ","id":"X"},{"className":"고급영어작문","id":"W"},{"className":"논리적글쓰기","id":"Y"},{"className":"아티언스","id":"Z"}]},{"name":"오승현","id":"20110","data":[{"className":"(AP)미적분학Ⅱ","id":"D"},{"className":"(AP)일반생물학","id":"A"},{"className":"웹프로그래밍","id":"C1"},{"className":"단체운동","id":"C2"},{"className":"컴퓨팅사고력과 문제해결","id":"M"},{"className":"물상과학과 융합","id":"N"},{"className":"아름다운바이오화학","id":"O"},{"className":"법과 정치","id":"L"},{"className":"생명과학실험Ⅱ","id":"X"},{"className":"고급영어작문","id":"W"},{"className":"논리적글쓰기","id":"Y"},{"className":"아티언스","id":"Z"}]},{"name":"유형준","id":"20111","data":[{"className":"(AP)미적분학Ⅱ","id":"A"},{"className":"(AP)일반물리학Ⅱ","id":"B"},{"className":"융합@수학Ⅰ","id":"C1"},{"className":"단체운동","id":"C2"},{"className":"정수론","id":"D1"},{"className":"컴퓨팅사고력과 문제해결","id":"L"},{"className":"물상과학과 융합","id":"N"},{"className":"법과 정치","id":"M"},{"className":"고급영어작문","id":"O"},{"className":"논리적글쓰기","id":"Z"},{"className":"아티언스","id":"X"}]},{"name":"윤성근","id":"20112","data":[{"className":"(AP)미적분학Ⅱ","id":"B"},{"className":"(AP)일반물리학Ⅱ","id":"A"},{"className":"융합@수학Ⅰ","id":"C1"},{"className":"단체운동","id":"C2"},{"className":"정수론","id":"D1"},{"className":"컴퓨팅사고력과 문제해결","id":"N"},{"className":"물상과학과 융합","id":"O"},{"className":"한국지리","id":"M"},{"className":"고급영어작문","id":"W"},{"className":"논리적글쓰기","id":"Z"},{"className":"아티언스","id":"Y"}]},{"name":"이원준","id":"20113","data":[{"className":"(AP)미적분학Ⅱ","id":"C"},{"className":"(AP)일반물리학Ⅱ","id":"A"},{"className":"융합@수학Ⅰ","id":"B"},{"className":"정수론","id":"D1"},{"className":"컴퓨팅사고력과 문제해결","id":"N"},{"className":"물상과학과 융합","id":"L"},{"className":"법과 정치","id":"M"},{"className":"고급영어작문","id":"O"},{"className":"논리적글쓰기","id":"X"},{"className":"아티언스","id":"W"}]},{"name":"이준영","id":"20114","data":[{"className":"(AP)미적분학Ⅱ","id":"B"},{"className":"(AP)일반물리학Ⅱ","id":"C"},{"className":"(AP)일반화학Ⅱ","id":"A"},{"className":"융합@수학Ⅰ","id":"D1"},{"className":"단체운동","id":"D2"},{"className":"컴퓨팅사고력과 문제해결","id":"O"},{"className":"아름다운바이오화학","id":"L"},{"className":"한국지리","id":"M"},{"className":"(AP)일반물리학 실험Ⅱ","id":"N"},{"className":"고급영어작문","id":"X"},{"className":"논리적글쓰기","id":"Z"},{"className":"아티언스","id":"W"}]},{"name":"이태윤","id":"20115","data":[{"className":"(AP)미적분학Ⅱ","id":"C"},{"className":"(AP)일반물리학Ⅱ","id":"D"},{"className":"(AP)일반화학Ⅱ","id":"B"},{"className":"컴퓨팅사고력과 문제해결","id":"N"},{"className":"물상과학과 융합","id":"M"},{"className":"아름다운바이오화학","id":"O"},{"className":"법과 정치","id":"L"},{"className":"(AP)일반화학실험Ⅱ","id":"Y"},{"className":"고급영어작문","id":"W"},{"className":"논리적글쓰기","id":"X"},{"className":"아티언스","id":"Z"}]},{"name":"조민석","id":"20116","data":[{"className":"(AP)미적분학Ⅱ","id":"D"},{"className":"(AP)일반화학Ⅱ","id":"B"},{"className":"(AP)일반생물학","id":"A"},{"className":"융합@수학Ⅰ","id":"C1"},{"className":"단체운동","id":"C2"},{"className":"컴퓨팅사고력과 문제해결","id":"N"},{"className":"아름다운바이오화학","id":"L"},{"className":"법과 정치","id":"M"},{"className":"생명과학실험Ⅱ","id":"X"},{"className":"고급영어작문","id":"O"},{"className":"논리적글쓰기","id":"Y"},{"className":"아티언스","id":"W"}]},{"name":"허태호","id":"20117","data":[{"className":"(AP)미적분학Ⅱ","id":"A"},{"className":"(AP)일반물리학Ⅱ","id":"B"},{"className":"융합@수학Ⅰ","id":"C1"},{"className":"웹프로그래밍","id":"D1"},{"className":"컴퓨팅사고력과 문제해결","id":"L"},{"className":"물상과학과 융합","id":"N"},{"className":"법과 정치","id":"M"},{"className":"고급영어작문","id":"O"},{"className":"논리적글쓰기","id":"Y"},{"className":"아티언스","id":"X"}]},{"name":"안예서","id":"20201","data":[{"className":"(AP)미적분학Ⅱ","id":"A"},{"className":"(AP)일반물리학Ⅱ","id":"B"},{"className":"융합@수학Ⅰ","id":"C1"},{"className":"웹프로그래밍","id":"D1"},{"className":"단체운동","id":"D2"},{"className":"컴퓨팅사고력과 문제해결","id":"L"},{"className":"물상과학과 융합","id":"O"},{"className":"법과 정치","id":"N"},{"className":"논리적글쓰기","id":"Y"},{"className":"아티언스","id":"W"},{"className":"고급영어토론","id":"Z"}]},{"name":"정민주","id":"20202","data":[{"className":"(AP)미적분학Ⅱ","id":"D"},{"className":"(AP)일반물리학Ⅱ","id":"A"},{"className":"(AP)일반화학Ⅱ","id":"B"},{"className":"융합@수학Ⅰ","id":"C1"},{"className":"단체운동","id":"C2"},{"className":"컴퓨팅사고력과 문제해결","id":"M"},{"className":"아름다운바이오화학","id":"N"},{"className":"법과 정치","id":"L"},{"className":"(AP)일반화학실험Ⅱ","id":"Y"},{"className":"고급영어작문","id":"O"},{"className":"논리적글쓰기","id":"X"},{"className":"아티언스","id":"W"}]},{"name":"조주연","id":"20203","data":[{"className":"(AP)미적분학Ⅱ","id":"C"},{"className":"(AP)일반화학Ⅱ","id":"B"},{"className":"(AP)일반생물학","id":"A"},{"className":"융합@수학Ⅰ","id":"D1"},{"className":"컴퓨팅사고력과 문제해결","id":"O"},{"className":"아름다운바이오화학","id":"N"},{"className":"법과 정치","id":"L"},{"className":"논리적글쓰기","id":"Y"},{"className":"아티언스","id":"X"},{"className":"고급영어토론","id":"Z"}]},{"name":"김도현","id":"20204","data":[{"className":"(AP)미적분학Ⅱ","id":"D"},{"className":"(AP)일반물리학Ⅱ","id":"A"},{"className":"융합@수학Ⅰ","id":"C1"},{"className":"정수론","id":"O"},{"className":"컴퓨팅사고력과 문제해결","id":"M"},{"className":"물상과학과 융합","id":"L"},{"className":"법과 정치","id":"N"},{"className":"논리적글쓰기","id":"Y"},{"className":"아티언스","id":"X"},{"className":"고급영어토론","id":"Z"}]},{"name":"김태호","id":"20205","data":[{"className":"(AP)미적분학Ⅱ","id":"C"},{"className":"(AP)일반물리학Ⅱ","id":"D"},{"className":"(AP)일반화학Ⅱ","id":"A"},{"className":"융합@수학Ⅰ","id":"B"},{"className":"컴퓨팅사고력과 문제해결","id":"L"},{"className":"물상과학과 융합","id":"M"},{"className":"법과 정치","id":"N"},{"className":"(AP)일반물리학 실험Ⅱ","id":"X"},{"className":"고급영어작문","id":"O"},{"className":"논리적글쓰기","id":"Z"},{"className":"아티언스","id":"Y"}]},{"name":"김현민","id":"20206","data":[{"className":"(AP)미적분학Ⅱ","id":"C"},{"className":"(AP)일반물리학Ⅱ","id":"B"},{"className":"웹프로그래밍","id":"D1"},{"className":"단체운동","id":"D2"},{"className":"컴퓨팅사고력과 문제해결","id":"O"},{"className":"물상과학과 융합","id":"M"},{"className":"아름다운바이오화학","id":"L"},{"className":"법과 정치","id":"N"},{"className":"(AP)일반물리학 실험Ⅱ","id":"X"},{"className":"고급영어작문","id":"W"},{"className":"논리적글쓰기","id":"Z"},{"className":"아티언스","id":"Y"}]},{"name":"박무혁","id":"20207","data":[{"className":"(AP)미적분학Ⅱ","id":"C"},{"className":"(AP)일반화학Ⅱ","id":"A"},{"className":"웹프로그래밍","id":"D1"},{"className":"컴퓨팅사고력과 문제해결","id":"M"},{"className":"물상과학과 융합","id":"O"},{"className":"아름다운바이오화학","id":"N"},{"className":"법과 정치","id":"L"},{"className":"(AP)일반화학실험Ⅱ","id":"Y"},{"className":"고급영어작문","id":"W"},{"className":"논리적글쓰기","id":"X"},{"className":"아티언스","id":"Z"}]},{"name":"박준혁","id":"20208","data":[{"className":"(AP)미적분학Ⅱ","id":"B"},{"className":"(AP)일반물리학Ⅱ","id":"D"},{"className":"(AP)일반화학Ⅱ","id":"A"},{"className":"단체운동","id":"C2"},{"className":"컴퓨팅사고력과 문제해결","id":"L"},{"className":"물상과학과 융합","id":"N"},{"className":"아름다운바이오화학","id":"O"},{"className":"한국지리","id":"M"},{"className":"고급영어작문","id":"X"},{"className":"논리적글쓰기","id":"W"},{"className":"아티언스","id":"Y"}]},{"name":"유현서","id":"20209","data":[{"className":"(AP)미적분학Ⅱ","id":"A"},{"className":"(AP)일반물리학Ⅱ","id":"B"},{"className":"융합@수학Ⅰ","id":"C1"},{"className":"단체운동","id":"C2"},{"className":"정수론","id":"D1"},{"className":"컴퓨팅사고력과 문제해결","id":"M"},{"className":"물상과학과 융합","id":"L"},{"className":"법과 정치","id":"N"},{"className":"고급영어작문","id":"O"},{"className":"논리적글쓰기","id":"Y"},{"className":"아티언스","id":"W"}]},{"name":"이우진","id":"20210","data":[{"className":"(AP)미적분학Ⅱ","id":"B"},{"className":"(AP)일반물리학Ⅱ","id":"A"},{"className":"융합@수학Ⅰ","id":"C1"},{"className":"단체운동","id":"C2"},{"className":"정수론","id":"D1"},{"className":"컴퓨팅사고력과 문제해결","id":"O"},{"className":"물상과학과 융합","id":"L"},{"className":"법과 정치","id":"M"},{"className":"(AP)일반물리학 실험Ⅱ","id":"N"},{"className":"고급영어작문","id":"X"},{"className":"논리적글쓰기","id":"Z"},{"className":"아티언스","id":"Y"}]},{"name":"이정훈(2반)","id":"20211","data":[{"className":"(AP)미적분학Ⅱ","id":"A"},{"className":"(AP)일반물리학Ⅱ","id":"B"},{"className":"정수론","id":"D1"},{"className":"컴퓨팅사고력과 문제해결","id":"N"},{"className":"물상과학과 융합","id":"M"},{"className":"아름다운바이오화학","id":"O"},{"className":"법과 정치","id":"L"},{"className":"(AP)일반물리학 실험Ⅱ","id":"X"},{"className":"고급영어작문","id":"Y"},{"className":"논리적글쓰기","id":"Z"},{"className":"아티언스","id":"W"}]},{"name":"이진서","id":"20212","data":[{"className":"(AP)미적분학Ⅱ","id":"A"},{"className":"(AP)일반물리학Ⅱ","id":"D"},{"className":"(AP)일반화학Ⅱ","id":"B"},{"className":"단체운동","id":"C2"},{"className":"컴퓨팅사고력과 문제해결","id":"M"},{"className":"물상과학과 융합","id":"O"},{"className":"아름다운바이오화학","id":"L"},{"className":"법과 정치","id":"N"},{"className":"(AP)일반화학실험Ⅱ","id":"Y"},{"className":"고급영어작문","id":"X"},{"className":"논리적글쓰기","id":"W"},{"className":"아티언스","id":"Z"}]},{"name":"정태한","id":"20213","data":[{"className":"(AP)일반생물학","id":"A"},{"className":"융합@수학Ⅰ","id":"B"},{"className":"웹프로그래밍","id":"D1"},{"className":"단체운동","id":"D2"},{"className":"정수론","id":"O"},{"className":"컴퓨팅사고력과 문제해결","id":"N"},{"className":"아름다운바이오화학","id":"L"},{"className":"법과 정치","id":"M"},{"className":"고급영어작문","id":"X"},{"className":"논리적글쓰기","id":"Z"},{"className":"아티언스","id":"W"}]},{"name":"정환규","id":"20214","data":[{"className":"(AP)미적분학Ⅱ","id":"A"},{"className":"(AP)일반물리학Ⅱ","id":"B"},{"className":"융합@수학Ⅰ","id":"D1"},{"className":"웹프로그래밍","id":"C1"},{"className":"단체운동","id":"D2"},{"className":"컴퓨팅사고력과 문제해결","id":"O"},{"className":"물상과학과 융합","id":"M"},{"className":"법과 정치","id":"N"},{"className":"고급영어작문","id":"X"},{"className":"논리적글쓰기","id":"Z"},{"className":"아티언스","id":"W"}]},{"name":"최지안","id":"20215","data":[{"className":"(AP)미적분학Ⅱ","id":"A"},{"className":"(AP)일반물리학Ⅱ","id":"B"},{"className":"융합@수학Ⅰ","id":"D1"},{"className":"웹프로그래밍","id":"C1"},{"className":"단체운동","id":"D2"},{"className":"정수론","id":"O"},{"className":"컴퓨팅사고력과 문제해결","id":"N"},{"className":"물상과학과 융합","id":"L"},{"className":"법과 정치","id":"M"},{"className":"논리적글쓰기","id":"X"},{"className":"아티언스","id":"Y"},{"className":"고급영어토론","id":"Z"}]},{"name":"추건우","id":"20216","data":[{"className":"(AP)미적분학Ⅱ","id":"A"},{"className":"(AP)일반물리학Ⅱ","id":"B"},{"className":"융합@수학Ⅰ","id":"C1"},{"className":"웹프로그래밍","id":"D1"},{"className":"단체운동","id":"D2"},{"className":"컴퓨팅사고력과 문제해결","id":"O"},{"className":"물상과학과 융합","id":"M"},{"className":"법과 정치","id":"N"},{"className":"논리적글쓰기","id":"X"},{"className":"아티언스","id":"Y"},{"className":"고급영어토론","id":"Z"}]},{"name":"김윤영","id":"20301","data":[{"className":"(AP)미적분학Ⅱ","id":"B"},{"className":"(AP)일반물리학Ⅱ","id":"C"},{"className":"(AP)일반생물학","id":"A"},{"className":"융합@수학Ⅰ","id":"D1"},{"className":"단체운동","id":"D2"},{"className":"컴퓨팅사고력과 문제해결","id":"O"},{"className":"아름다운바이오화학","id":"N"},{"className":"법과 정치","id":"L"},{"className":"고급영어작문","id":"W"},{"className":"논리적글쓰기","id":"X"},{"className":"아티언스","id":"Z"}]},{"name":"이성현","id":"20302","data":[{"className":"(AP)미적분학Ⅱ","id":"D"},{"className":"(AP)일반화학Ⅱ","id":"B"},{"className":"(AP)일반생물학","id":"A"},{"className":"단체운동","id":"C2"},{"className":"컴퓨팅사고력과 문제해결","id":"N"},{"className":"물상과학과 융합","id":"L"},{"className":"아름다운바이오화학","id":"O"},{"className":"한국지리","id":"M"},{"className":"생명과학실험Ⅱ","id":"X"},{"className":"고급영어작문","id":"Y"},{"className":"논리적글쓰기","id":"Z"},{"className":"아티언스","id":"W"}]},{"name":"이수정","id":"20303","data":[{"className":"(AP)미적분학Ⅱ","id":"C"},{"className":"(AP)일반물리학Ⅱ","id":"D"},{"className":"(AP)일반화학Ⅱ","id":"A"},{"className":"융합@수학Ⅰ","id":"B"},{"className":"컴퓨팅사고력과 문제해결","id":"N"},{"className":"물상과학과 융합","id":"L"},{"className":"법과 정치","id":"M"},{"className":"고급영어작문","id":"O"},{"className":"논리적글쓰기","id":"X"},{"className":"아티언스","id":"Z"}]},{"name":"권담","id":"20304","data":[{"className":"(AP)미적분학Ⅱ","id":"C"},{"className":"(AP)일반물리학Ⅱ","id":"B"},{"className":"(AP)일반화학Ⅱ","id":"A"},{"className":"단체운동","id":"D2"},{"className":"컴퓨팅사고력과 문제해결","id":"N"},{"className":"물상과학과 융합","id":"O"},{"className":"아름다운바이오화학","id":"L"},{"className":"한국지리","id":"M"},{"className":"고급영어작문","id":"W"},{"className":"논리적글쓰기","id":"X"},{"className":"아티언스","id":"Y"}]},{"name":"김명희","id":"20305","data":[{"className":"(AP)미적분학Ⅱ","id":"B"},{"className":"(AP)일반물리학Ⅱ","id":"C"},{"className":"(AP)일반화학Ⅱ","id":"A"},{"className":"융합@수학Ⅰ","id":"D1"},{"className":"단체운동","id":"D2"},{"className":"컴퓨팅사고력과 문제해결","id":"L"},{"className":"물상과학과 융합","id":"O"},{"className":"한국지리","id":"M"},{"className":"(AP)일반물리학 실험Ⅱ","id":"N"},{"className":"고급영어작문","id":"Y"},{"className":"논리적글쓰기","id":"W"},{"className":"아티언스","id":"X"}]},{"name":"김태윤","id":"20306","data":[{"className":"(AP)미적분학Ⅱ","id":"A"},{"className":"(AP)일반물리학Ⅱ","id":"D"},{"className":"(AP)일반화학Ⅱ","id":"B"},{"className":"단체운동","id":"C2"},{"className":"컴퓨팅사고력과 문제해결","id":"L"},{"className":"물상과학과 융합","id":"N"},{"className":"아름다운바이오화학","id":"O"},{"className":"한국지리","id":"M"},{"className":"(AP)일반물리학 실험Ⅱ","id":"X"},{"className":"고급영어작문","id":"Y"},{"className":"논리적글쓰기","id":"W"},{"className":"아티언스","id":"Z"}]},{"name":"박찬웅","id":"20307","data":[{"className":"(AP)미적분학Ⅱ","id":"A"},{"className":"(AP)일반물리학Ⅱ","id":"C"},{"className":"(AP)일반화학Ⅱ","id":"B"},{"className":"융합@수학Ⅰ","id":"D1"},{"className":"컴퓨팅사고력과 문제해결","id":"O"},{"className":"물상과학과 융합","id":"M"},{"className":"법과 정치","id":"L"},{"className":"(AP)일반물리학 실험Ⅱ","id":"N"},{"className":"고급영어작문","id":"Y"},{"className":"논리적글쓰기","id":"W"},{"className":"아티언스","id":"X"}]},{"name":"백강우","id":"20308","data":[{"className":"(AP)미적분학Ⅱ","id":"D"},{"className":"(AP)일반물리학Ⅱ","id":"A"},{"className":"융합@수학Ⅰ","id":"B"},{"className":"웹프로그래밍","id":"C1"},{"className":"컴퓨팅사고력과 문제해결","id":"O"},{"className":"물상과학과 융합","id":"L"},{"className":"법과 정치","id":"N"},{"className":"고급영어작문","id":"W"},{"className":"논리적글쓰기","id":"Z"},{"className":"아티언스","id":"X"}]},{"name":"오세훈","id":"20309","data":[{"className":"(AP)미적분학Ⅱ","id":"C"},{"className":"(AP)일반물리학Ⅱ","id":"D"},{"className":"(AP)일반생물학","id":"A"},{"className":"컴퓨팅사고력과 문제해결","id":"N"},{"className":"물상과학과 융합","id":"M"},{"className":"아름다운바이오화학","id":"O"},{"className":"법과 정치","id":"L"},{"className":"생명과학실험Ⅱ","id":"X"},{"className":"고급영어작문","id":"Y"},{"className":"논리적글쓰기","id":"Z"},{"className":"아티언스","id":"W"}]},{"name":"이도훈","id":"20310","data":[{"className":"(AP)미적분학Ⅱ","id":"B"},{"className":"(AP)일반물리학Ⅱ","id":"A"},{"className":"융합@수학Ⅰ","id":"D1"},{"className":"웹프로그래밍","id":"C1"},{"className":"단체운동","id":"D2"},{"className":"컴퓨팅사고력과 문제해결","id":"M"},{"className":"물상과학과 융합","id":"O"},{"className":"법과 정치","id":"N"},{"className":"논리적글쓰기","id":"Y"},{"className":"아티언스","id":"X"},{"className":"고급영어토론","id":"Z"}]},{"name":"이승환","id":"20311","data":[{"className":"(AP)미적분학Ⅱ","id":"D"},{"className":"(AP)일반물리학Ⅱ","id":"C"},{"className":"(AP)일반생물학","id":"A"},{"className":"컴퓨팅사고력과 문제해결","id":"M"},{"className":"물상과학과 융합","id":"L"},{"className":"아름다운바이오화학","id":"O"},{"className":"법과 정치","id":"N"},{"className":"(AP)일반물리학 실험Ⅱ","id":"X"},{"className":"고급영어작문","id":"W"},{"className":"논리적글쓰기","id":"Z"},{"className":"아티언스","id":"Y"}]},{"name":"임유현","id":"20312","data":[{"className":"(AP)미적분학Ⅱ","id":"B"},{"className":"(AP)일반화학Ⅱ","id":"A"},{"className":"융합@수학Ⅰ","id":"C1"},{"className":"단체운동","id":"D2"},{"className":"정수론","id":"D1"},{"className":"컴퓨팅사고력과 문제해결","id":"M"},{"className":"아름다운바이오화학","id":"L"},{"className":"법과 정치","id":"N"},{"className":"(AP)일반화학실험Ⅱ","id":"Y"},{"className":"고급영어작문","id":"O"},{"className":"논리적글쓰기","id":"W"},{"className":"아티언스","id":"Z"}]},{"name":"정하영","id":"20313","data":[{"className":"(AP)미적분학Ⅱ","id":"A"},{"className":"융합@수학Ⅰ","id":"B"},{"className":"웹프로그래밍","id":"C1"},{"className":"정수론","id":"D1"},{"className":"컴퓨팅사고력과 문제해결","id":"O"},{"className":"물상과학과 융합","id":"L"},{"className":"한국지리","id":"M"},{"className":"고급영어작문","id":"W"},{"className":"논리적글쓰기","id":"X"},{"className":"아티언스","id":"Z"}]},{"name":"진민규","id":"20314","data":[{"className":"(AP)미적분학Ⅱ","id":"C"},{"className":"(AP)일반물리학Ⅱ","id":"A"},{"className":"융합@수학Ⅰ","id":"B"},{"className":"웹프로그래밍","id":"D1"},{"className":"컴퓨팅사고력과 문제해결","id":"L"},{"className":"물상과학과 융합","id":"M"},{"className":"법과 정치","id":"N"},{"className":"(AP)일반물리학 실험Ⅱ","id":"X"},{"className":"고급영어작문","id":"O"},{"className":"논리적글쓰기","id":"Z"},{"className":"아티언스","id":"W"}]},{"name":"채의헌","id":"20315","data":[{"className":"(AP)미적분학Ⅱ","id":"D"},{"className":"(AP)일반물리학Ⅱ","id":"C"},{"className":"융합@수학Ⅰ","id":"B"},{"className":"정수론","id":"O"},{"className":"컴퓨팅사고력과 문제해결","id":"M"},{"className":"물상과학과 융합","id":"N"},{"className":"법과 정치","id":"L"},{"className":"논리적글쓰기","id":"Y"},{"className":"아티언스","id":"X"},{"className":"고급영어토론","id":"Z"}]},{"name":"최상욱","id":"20316","data":[{"className":"(AP)미적분학Ⅱ","id":"B"},{"className":"(AP)일반물리학Ⅱ","id":"D"},{"className":"(AP)일반화학Ⅱ","id":"A"},{"className":"단체운동","id":"C2"},{"className":"컴퓨팅사고력과 문제해결","id":"N"},{"className":"물상과학과 융합","id":"O"},{"className":"아름다운바이오화학","id":"L"},{"className":"한국지리","id":"M"},{"className":"고급영어작문","id":"W"},{"className":"논리적글쓰기","id":"X"},{"className":"아티언스","id":"Z"}]},{"name":"강은혜","id":"20401","data":[{"className":"(AP)미적분학Ⅱ","id":"B"},{"className":"(AP)일반물리학Ⅱ","id":"D"},{"className":"(AP)일반생물학","id":"A"},{"className":"융합@수학Ⅰ","id":"C1"},{"className":"단체운동","id":"C2"},{"className":"컴퓨팅사고력과 문제해결","id":"M"},{"className":"아름다운바이오화학","id":"N"},{"className":"법과 정치","id":"L"},{"className":"고급영어작문","id":"O"},{"className":"논리적글쓰기","id":"X"},{"className":"아티언스","id":"Z"}]},{"name":"김서희","id":"20402","data":[{"className":"(AP)미적분학Ⅱ","id":"B"},{"className":"(AP)일반물리학Ⅱ","id":"C"},{"className":"(AP)일반화학Ⅱ","id":"A"},{"className":"융합@수학Ⅰ","id":"D1"},{"className":"단체운동","id":"D2"},{"className":"컴퓨팅사고력과 문제해결","id":"O"},{"className":"아름다운바이오화학","id":"N"},{"className":"한국지리","id":"M"},{"className":"(AP)일반화학실험Ⅱ","id":"Y"},{"className":"고급영어작문","id":"X"},{"className":"논리적글쓰기","id":"W"},{"className":"아티언스","id":"Z"}]},{"name":"임가은","id":"20403","data":[{"className":"(AP)미적분학Ⅱ","id":"A"},{"className":"(AP)일반물리학Ⅱ","id":"B"},{"className":"융합@수학Ⅰ","id":"C1"},{"className":"단체운동","id":"D2"},{"className":"정수론","id":"O"},{"className":"컴퓨팅사고력과 문제해결","id":"N"},{"className":"물상과학과 융합","id":"M"},{"className":"법과 정치","id":"L"},{"className":"(AP)일반물리학 실험Ⅱ","id":"X"},{"className":"논리적글쓰기","id":"W"},{"className":"아티언스","id":"Y"},{"className":"고급영어토론","id":"Z"}]},{"name":"김규민","id":"20404","data":[{"className":"(AP)미적분학Ⅱ","id":"C"},{"className":"(AP)일반물리학Ⅱ","id":"D"},{"className":"융합@수학Ⅰ","id":"B"},{"className":"정수론","id":"O"},{"className":"컴퓨팅사고력과 문제해결","id":"M"},{"className":"물상과학과 융합","id":"L"},{"className":"법과 정치","id":"N"},{"className":"논리적글쓰기","id":"X"},{"className":"아티언스","id":"Y"},{"className":"고급영어토론","id":"Z"}]},{"name":"김정원","id":"20405","data":[{"className":"(AP)미적분학Ⅱ","id":"B"},{"className":"(AP)일반물리학Ⅱ","id":"D"},{"className":"(AP)일반화학Ⅱ","id":"A"},{"className":"단체운동","id":"C2"},{"className":"컴퓨팅사고력과 문제해결","id":"M"},{"className":"물상과학과 융합","id":"O"},{"className":"아름다운바이오화학","id":"N"},{"className":"법과 정치","id":"L"},{"className":"(AP)일반화학실험Ⅱ","id":"Y"},{"className":"고급영어작문","id":"X"},{"className":"논리적글쓰기","id":"W"},{"className":"아티언스","id":"Z"}]},{"name":"김헌규","id":"20406","data":[{"className":"(AP)미적분학Ⅱ","id":"C"},{"className":"(AP)일반물리학Ⅱ","id":"A"},{"className":"웹프로그래밍","id":"D1"},{"className":"컴퓨팅사고력과 문제해결","id":"N"},{"className":"물상과학과 융합","id":"L"},{"className":"아름다운바이오화학","id":"O"},{"className":"한국지리","id":"M"},{"className":"(AP)일반물리학 실험Ⅱ","id":"X"},{"className":"고급영어작문","id":"Y"},{"className":"논리적글쓰기","id":"Z"},{"className":"아티언스","id":"W"}]},{"name":"김현도","id":"20407","data":[{"className":"(AP)미적분학Ⅱ","id":"D"},{"className":"(AP)일반물리학Ⅱ","id":"B"},{"className":"(AP)일반화학Ⅱ","id":"A"},{"className":"단체운동","id":"C2"},{"className":"컴퓨팅사고력과 문제해결","id":"L"},{"className":"물상과학과 융합","id":"N"},{"className":"아름다운바이오화학","id":"O"},{"className":"한국지리","id":"M"},{"className":"고급영어작문","id":"X"},{"className":"논리적글쓰기","id":"Y"},{"className":"아티언스","id":"Z"}]},{"name":"민승희","id":"20408","data":[{"className":"(AP)미적분학Ⅱ","id":"C"},{"className":"(AP)일반물리학Ⅱ","id":"A"},{"className":"정수론","id":"D1"},{"className":"컴퓨팅사고력과 문제해결","id":"N"},{"className":"물상과학과 융합","id":"O"},{"className":"아름다운바이오화학","id":"L"},{"className":"한국지리","id":"M"},{"className":"고급영어작문","id":"Y"},{"className":"논리적글쓰기","id":"W"},{"className":"아티언스","id":"X"}]},{"name":"박진우","id":"20409","data":[{"className":"(AP)미적분학Ⅱ","id":"A"},{"className":"(AP)일반물리학Ⅱ","id":"C"},{"className":"정수론","id":"D1"},{"className":"컴퓨팅사고력과 문제해결","id":"O"},{"className":"물상과학과 융합","id":"M"},{"className":"아름다운바이오화학","id":"N"},{"className":"법과 정치","id":"L"},{"className":"고급영어작문","id":"W"},{"className":"논리적글쓰기","id":"Y"},{"className":"아티언스","id":"X"}]},{"name":"소재인","id":"20410","data":[{"className":"(AP)미적분학Ⅱ","id":"A"},{"className":"(AP)일반물리학Ⅱ","id":"C"},{"className":"융합@수학Ⅰ","id":"B"},{"className":"웹프로그래밍","id":"D1"},{"className":"단체운동","id":"D2"},{"className":"컴퓨팅사고력과 문제해결","id":"O"},{"className":"물상과학과 융합","id":"N"},{"className":"법과 정치","id":"L"},{"className":"논리적글쓰기","id":"Y"},{"className":"아티언스","id":"X"},{"className":"고급영어토론","id":"Z"}]},{"name":"유동근","id":"20411","data":[{"className":"(AP)미적분학Ⅱ","id":"A"},{"className":"(AP)일반물리학Ⅱ","id":"C"},{"className":"융합@수학Ⅰ","id":"B"},{"className":"웹프로그래밍","id":"D1"},{"className":"컴퓨팅사고력과 문제해결","id":"O"},{"className":"물상과학과 융합","id":"L"},{"className":"법과 정치","id":"M"},{"className":"고급영어작문","id":"Y"},{"className":"논리적글쓰기","id":"X"},{"className":"아티언스","id":"Z"}]},{"name":"윤재영","id":"20412","data":[{"className":"(AP)미적분학Ⅱ","id":"D"},{"className":"(AP)일반화학Ⅱ","id":"B"},{"className":"(AP)일반생물학","id":"A"},{"className":"컴퓨팅사고력과 문제해결","id":"M"},{"className":"물상과학과 융합","id":"N"},{"className":"아름다운바이오화학","id":"O"},{"className":"법과 정치","id":"L"},{"className":"생명과학실험Ⅱ","id":"X"},{"className":"고급영어작문","id":"Y"},{"className":"논리적글쓰기","id":"W"},{"className":"아티언스","id":"Z"}]},{"name":"이정훈(4반)","id":"20413","data":[{"className":"(AP)미적분학Ⅱ","id":"B"},{"className":"(AP)일반물리학Ⅱ","id":"C"},{"className":"(AP)일반생물학","id":"A"},{"className":"단체운동","id":"D2"},{"className":"컴퓨팅사고력과 문제해결","id":"O"},{"className":"물상과학과 융합","id":"L"},{"className":"아름다운바이오화학","id":"N"},{"className":"한국지리","id":"M"},{"className":"고급영어작문","id":"W"},{"className":"논리적글쓰기","id":"Y"},{"className":"아티언스","id":"X"}]},{"name":"정유호","id":"20414","data":[{"className":"(AP)미적분학Ⅱ","id":"A"},{"className":"(AP)일반물리학Ⅱ","id":"C"},{"className":"융합@수학Ⅰ","id":"B"},{"className":"정수론","id":"D1"},{"className":"컴퓨팅사고력과 문제해결","id":"O"},{"className":"물상과학과 융합","id":"L"},{"className":"한국지리","id":"M"},{"className":"(AP)일반물리학 실험Ⅱ","id":"N"},{"className":"고급영어작문","id":"Y"},{"className":"논리적글쓰기","id":"X"},{"className":"아티언스","id":"W"}]},{"name":"조민준","id":"20415","data":[{"className":"(AP)미적분학Ⅱ","id":"C"},{"className":"(AP)일반물리학Ⅱ","id":"B"},{"className":"(AP)일반화학Ⅱ","id":"A"},{"className":"융합@수학Ⅰ","id":"D1"},{"className":"단체운동","id":"D2"},{"className":"컴퓨팅사고력과 문제해결","id":"L"},{"className":"아름다운바이오화학","id":"N"},{"className":"법과 정치","id":"M"},{"className":"고급영어작문","id":"O"},{"className":"논리적글쓰기","id":"Y"},{"className":"아티언스","id":"X"}]},{"name":"조성희","id":"20416","data":[{"className":"(AP)미적분학Ⅱ","id":"D"},{"className":"(AP)일반화학Ⅱ","id":"B"},{"className":"(AP)일반생물학","id":"A"},{"className":"단체운동","id":"C2"},{"className":"컴퓨팅사고력과 문제해결","id":"M"},{"className":"물상과학과 융합","id":"N"},{"className":"아름다운바이오화학","id":"O"},{"className":"법과 정치","id":"L"},{"className":"고급영어작문","id":"Y"},{"className":"논리적글쓰기","id":"Z"},{"className":"아티언스","id":"W"}]},{"name":"이소민","id":"20501","data":[{"className":"(AP)미적분학Ⅱ","id":"D"},{"className":"(AP)일반화학Ⅱ","id":"B"},{"className":"(AP)일반생물학","id":"A"},{"className":"융합@수학Ⅰ","id":"C1"},{"className":"단체운동","id":"C2"},{"className":"컴퓨팅사고력과 문제해결","id":"N"},{"className":"아름다운바이오화학","id":"O"},{"className":"한국지리","id":"M"},{"className":"고급영어작문","id":"Y"},{"className":"논리적글쓰기","id":"X"},{"className":"아티언스","id":"W"}]},{"name":"최예림","id":"20502","data":[{"className":"(AP)미적분학Ⅱ","id":"B"},{"className":"(AP)일반생물학","id":"A"},{"className":"융합@수학Ⅰ","id":"D1"},{"className":"웹프로그래밍","id":"C1"},{"className":"컴퓨팅사고력과 문제해결","id":"L"},{"className":"아름다운바이오화학","id":"N"},{"className":"법과 정치","id":"M"},{"className":"생명과학실험Ⅱ","id":"X"},{"className":"고급영어작문","id":"O"},{"className":"논리적글쓰기","id":"Z"},{"className":"아티언스","id":"W"}]},{"name":"최은정","id":"20503","data":[{"className":"(AP)미적분학Ⅱ","id":"D"},{"className":"(AP)일반물리학Ⅱ","id":"C"},{"className":"(AP)일반화학Ⅱ","id":"A"},{"className":"융합@수학Ⅰ","id":"B"},{"className":"컴퓨팅사고력과 문제해결","id":"L"},{"className":"물상과학과 융합","id":"O"},{"className":"법과 정치","id":"M"},{"className":"(AP)일반물리학 실험Ⅱ","id":"N"},{"className":"논리적글쓰기","id":"Y"},{"className":"아티언스","id":"X"},{"className":"고급영어토론","id":"Z"}]},{"name":"강현빈","id":"20504","data":[{"className":"(AP)미적분학Ⅱ","id":"A"},{"className":"(AP)일반물리학Ⅱ","id":"B"},{"className":"융합@수학Ⅰ","id":"D1"},{"className":"웹프로그래밍","id":"C1"},{"className":"단체운동","id":"D2"},{"className":"컴퓨팅사고력과 문제해결","id":"O"},{"className":"아름다운바이오화학","id":"N"},{"className":"한국지리","id":"M"},{"className":"논리적글쓰기","id":"W"},{"className":"아티언스","id":"Y"},{"className":"고급영어토론","id":"Z"}]},{"name":"김민혁","id":"20505","data":[{"className":"(AP)미적분학Ⅱ","id":"D"},{"className":"(AP)일반물리학Ⅱ","id":"B"},{"className":"(AP)일반화학Ⅱ","id":"A"},{"className":"단체운동","id":"C2"},{"className":"컴퓨팅사고력과 문제해결","id":"M"},{"className":"물상과학과 융합","id":"O"},{"className":"아름다운바이오화학","id":"L"},{"className":"법과 정치","id":"N"},{"className":"(AP)일반화학실험Ⅱ","id":"Y"},{"className":"고급영어작문","id":"X"},{"className":"논리적글쓰기","id":"W"},{"className":"아티언스","id":"Z"}]},{"name":"김인식","id":"20506","data":[{"className":"(AP)미적분학Ⅱ","id":"C"},{"className":"(AP)일반화학Ⅱ","id":"B"},{"className":"(AP)일반생물학","id":"A"},{"className":"단체운동","id":"D2"},{"className":"컴퓨팅사고력과 문제해결","id":"M"},{"className":"물상과학과 융합","id":"O"},{"className":"아름다운바이오화학","id":"L"},{"className":"법과 정치","id":"N"},{"className":"(AP)일반화학실험Ⅱ","id":"Y"},{"className":"고급영어작문","id":"W"},{"className":"논리적글쓰기","id":"Z"},{"className":"아티언스","id":"X"}]},{"name":"문정호","id":"20507","data":[{"className":"(AP)미적분학Ⅱ","id":"C"},{"className":"(AP)일반물리학Ⅱ","id":"D"},{"className":"(AP)일반화학Ⅱ","id":"B"},{"className":"컴퓨팅사고력과 문제해결","id":"M"},{"className":"물상과학과 융합","id":"N"},{"className":"아름다운바이오화학","id":"O"},{"className":"법과 정치","id":"L"},{"className":"고급영어작문","id":"W"},{"className":"논리적글쓰기","id":"X"},{"className":"아티언스","id":"Y"}]},{"name":"문하민","id":"20508","data":[{"className":"(AP)미적분학Ⅱ","id":"D"},{"className":"(AP)일반물리학Ⅱ","id":"A"},{"className":"융합@수학Ⅰ","id":"B"},{"className":"웹프로그래밍","id":"C1"},{"className":"컴퓨팅사고력과 문제해결","id":"O"},{"className":"물상과학과 융합","id":"M"},{"className":"법과 정치","id":"N"},{"className":"논리적글쓰기","id":"Y"},{"className":"아티언스","id":"X"},{"className":"고급영어토론","id":"Z"}]},{"name":"서재원","id":"20509","data":[{"className":"(AP)미적분학Ⅱ","id":"C"},{"className":"(AP)일반물리학Ⅱ","id":"A"},{"className":"(AP)일반화학Ⅱ","id":"B"},{"className":"융합@수학Ⅰ","id":"D1"},{"className":"단체운동","id":"D2"},{"className":"컴퓨팅사고력과 문제해결","id":"O"},{"className":"물상과학과 융합","id":"M"},{"className":"법과 정치","id":"L"},{"className":"(AP)일반물리학 실험Ⅱ","id":"N"},{"className":"고급영어작문","id":"Y"},{"className":"논리적글쓰기","id":"W"},{"className":"아티언스","id":"X"}]},{"name":"신연우","id":"20510","data":[{"className":"(AP)미적분학Ⅱ","id":"C"},{"className":"(AP)일반물리학Ⅱ","id":"D"},{"className":"(AP)일반생물학","id":"A"},{"className":"컴퓨팅사고력과 문제해결","id":"N"},{"className":"물상과학과 융합","id":"O"},{"className":"아름다운바이오화학","id":"L"},{"className":"한국지리","id":"M"},{"className":"고급영어작문","id":"Y"},{"className":"논리적글쓰기","id":"W"},{"className":"아티언스","id":"X"}]},{"name":"유태현","id":"20511","data":[{"className":"(AP)미적분학Ⅱ","id":"B"},{"className":"(AP)일반물리학Ⅱ","id":"D"},{"className":"융합@수학Ⅰ","id":"C1"},{"className":"단체운동","id":"C2"},{"className":"정수론","id":"O"},{"className":"컴퓨팅사고력과 문제해결","id":"L"},{"className":"물상과학과 융합","id":"M"},{"className":"법과 정치","id":"N"},{"className":"논리적글쓰기","id":"W"},{"className":"아티언스","id":"Y"},{"className":"고급영어토론","id":"Z"}]},{"name":"이승민","id":"20512","data":[{"className":"(AP)미적분학Ⅱ","id":"C"},{"className":"(AP)일반물리학Ⅱ","id":"A"},{"className":"융합@수학Ⅰ","id":"B"},{"className":"웹프로그래밍","id":"D1"},{"className":"정수론","id":"O"},{"className":"컴퓨팅사고력과 문제해결","id":"L"},{"className":"물상과학과 융합","id":"N"},{"className":"법과 정치","id":"M"},{"className":"고급영어작문","id":"X"},{"className":"논리적글쓰기","id":"W"},{"className":"아티언스","id":"Y"}]},{"name":"이주영","id":"20513","data":[{"className":"(AP)미적분학Ⅱ","id":"B"},{"className":"(AP)일반물리학Ⅱ","id":"A"},{"className":"융합@수학Ⅰ","id":"D1"},{"className":"웹프로그래밍","id":"C1"},{"className":"컴퓨팅사고력과 문제해결","id":"M"},{"className":"물상과학과 융합","id":"L"},{"className":"법과 정치","id":"N"},{"className":"고급영어작문","id":"O"},{"className":"논리적글쓰기","id":"Z"},{"className":"아티언스","id":"Y"}]},{"name":"이주형","id":"20514","data":[{"className":"(AP)미적분학Ⅱ","id":"B"},{"className":"(AP)일반물리학Ⅱ","id":"A"},{"className":"융합@수학Ⅰ","id":"D1"},{"className":"웹프로그래밍","id":"C1"},{"className":"컴퓨팅사고력과 문제해결","id":"L"},{"className":"물상과학과 융합","id":"O"},{"className":"법과 정치","id":"M"},{"className":"(AP)일반물리학 실험Ⅱ","id":"N"},{"className":"고급영어작문","id":"X"},{"className":"논리적글쓰기","id":"W"},{"className":"아티언스","id":"Z"}]},{"name":"이준호","id":"20515","data":[{"className":"(AP)미적분학Ⅱ","id":"D"},{"className":"(AP)일반화학Ⅱ","id":"B"},{"className":"(AP)일반생물학","id":"A"},{"className":"컴퓨팅사고력과 문제해결","id":"O"},{"className":"물상과학과 융합","id":"N"},{"className":"아름다운바이오화학","id":"L"},{"className":"법과 정치","id":"M"},{"className":"생명과학실험Ⅱ","id":"X"},{"className":"고급영어작문","id":"Y"},{"className":"논리적글쓰기","id":"W"},{"className":"아티언스","id":"Z"}]},{"name":"최윤호","id":"20516","data":[{"className":"(AP)미적분학Ⅱ","id":"B"},{"className":"(AP)일반물리학Ⅱ","id":"A"},{"className":"융합@수학Ⅰ","id":"D1"},{"className":"웹프로그래밍","id":"C1"},{"className":"정수론","id":"O"},{"className":"컴퓨팅사고력과 문제해결","id":"M"},{"className":"물상과학과 융합","id":"N"},{"className":"법과 정치","id":"L"},{"className":"고급영어작문","id":"X"},{"className":"논리적글쓰기","id":"W"},{"className":"아티언스","id":"Y"}]}]}