﻿{"class":[{"id":"Y","className":"시사영어","place":"외교3","day":"0","time":"0"},{"id":"Y","className":"사회문화","place":"인문3","day":"0","time":"0"},{"id":"Y","className":"독서","place":"인문2","day":"0","time":"0"},{"id":"C","className":"수학세미나Ⅱ","place":"수교4","day":"0","time":"1"},{"id":"C","className":"물리학세미나Ⅱ","place":"AI상상실","day":"0","time":"1"},{"id":"C","className":"미분방정식","place":"수교5","day":"0","time":"1"},{"id":"Z","className":"시사영어","place":"외교3","day":"0","time":"2"},{"id":"Z","className":"사회문화","place":"인문3","day":"0","time":"2"},{"id":"X","className":"시사영어","place":"외교3","day":"0","time":"3"},{"id":"X","className":"사회문화","place":"인문3","day":"0","time":"3"},{"id":"X","className":"독서","place":"인문2","day":"0","time":"3"},{"id":"L","className":"고급물리학Ⅱ","place":"물교","day":"0","time":"4"},{"id":"L","className":"첨단화학","place":"화실1","day":"0","time":"4"},{"id":"B","className":"수학세미나Ⅱ","place":"수교4","day":"0","time":"5"},{"id":"B","className":"물리학세미나Ⅱ","place":"AI상상실","day":"0","time":"5"},{"id":"B","className":"화학세미나Ⅱ","place":"화교","day":"0","time":"5"},{"id":"B","className":"미분방정식","place":"수교5","day":"0","time":"5"},{"id":"B","className":"수학세미나Ⅱ","place":"수교4","day":"0","time":"6"},{"id":"B","className":"물리학세미나Ⅱ","place":"AI상상실","day":"0","time":"6"},{"id":"B","className":"화학세미나Ⅱ","place":"화교","day":"0","time":"6"},{"id":"B","className":"미분방정식","place":"수교5","day":"0","time":"6"},{"id":"X","className":"예술사","place":"음악실","day":"1","time":"0"},{"id":"X","className":"시사영어","place":"외교3","day":"1","time":"0"},{"id":"X","className":"사회문화","place":"인문3","day":"1","time":"0"},{"id":"X","className":"독서","place":"인문2","day":"1","time":"0"},{"id":"X","className":"예술사","place":"미술실","day":"1","time":"1"},{"id":"X","className":"시사영어","place":"외교3","day":"1","time":"1"},{"id":"X","className":"사회문화","place":"인문3","day":"1","time":"1"},{"id":"X","className":"독서","place":"인문2","day":"1","time":"1"},{"id":"M","className":"고급물리학Ⅱ","place":"물교","day":"1","time":"2"},{"id":"M","className":"분자생물학","place":"생교","day":"1","time":"2"},{"id":"M","className":"고급물리학Ⅱ","place":"물교","day":"1","time":"3"},{"id":"M","className":"분자생물학","place":"생교","day":"1","time":"3"},{"id":"W","className":"예술사","place":"음악실","day":"1","time":"4"},{"id":"W","className":"시사영어","place":"외교3","day":"1","time":"4"},{"id":"W","className":"사회문화","place":"인문3","day":"1","time":"4"},{"id":"W","className":"예술사","place":"미술실","day":"1","time":"5"},{"id":"W","className":"시사영어","place":"외교3","day":"1","time":"5"},{"id":"W","className":"사회문화","place":"인문3","day":"1","time":"5"},{"id":"A","className":"수학세미나Ⅱ","place":"수교4","day":"1","time":"6"},{"id":"A","className":"물리학세미나Ⅱ","place":"AI상상실","day":"1","time":"6"},{"id":"A","className":"화학세미나Ⅱ","place":"화교","day":"1","time":"6"},{"id":"A","className":"생물학세미나Ⅱ","place":"생교","day":"1","time":"6"},{"id":"A","className":"미분방정식","place":"수교5","day":"1","time":"6"},{"id":"L","className":"고급물리학Ⅱ","place":"물교","day":"2","time":"0"},{"id":"L","className":"첨단화학","place":"화실1","day":"2","time":"0"},{"id":"L","className":"고급물리학Ⅱ","place":"물교","day":"2","time":"1"},{"id":"L","className":"첨단화학","place":"화실1","day":"2","time":"1"},{"id":"D","className":"수학세미나Ⅱ","place":"수교4","day":"2","time":"2"},{"id":"D","className":"미분방정식","place":"수교5","day":"2","time":"2"},{"id":"D","className":"Critical Reading","place":"외교1","day":"2","time":"2"},{"id":"B","className":"수학세미나Ⅱ","place":"수교4","day":"2","time":"3"},{"id":"B","className":"물리학세미나Ⅱ","place":"AI상상실","day":"2","time":"3"},{"id":"B","className":"화학세미나Ⅱ","place":"화교","day":"2","time":"3"},{"id":"B","className":"미분방정식","place":"수교5","day":"2","time":"3"},{"id":"Z","className":"예술사","place":"음악실","day":"3","time":"0"},{"id":"Z","className":"시사영어","place":"외교3","day":"3","time":"0"},{"id":"Z","className":"사회문화","place":"인문3","day":"3","time":"0"},{"id":"Z","className":"예술사","place":"미술실","day":"3","time":"1"},{"id":"Z","className":"시사영어","place":"외교3","day":"3","time":"1"},{"id":"Z","className":"사회문화","place":"인문3","day":"3","time":"1"},{"id":"A","className":"수학세미나Ⅱ","place":"수교4","day":"3","time":"2"},{"id":"A","className":"물리학세미나Ⅱ","place":"AI상상실","day":"3","time":"2"},{"id":"A","className":"화학세미나Ⅱ","place":"화교","day":"3","time":"2"},{"id":"A","className":"생물학세미나Ⅱ","place":"생교","day":"3","time":"2"},{"id":"A","className":"미분방정식","place":"수교5","day":"3","time":"2"},{"id":"A","className":"수학세미나Ⅱ","place":"수교4","day":"3","time":"3"},{"id":"A","className":"물리학세미나Ⅱ","place":"AI상상실","day":"3","time":"3"},{"id":"A","className":"화학세미나Ⅱ","place":"화교","day":"3","time":"3"},{"id":"A","className":"생물학세미나Ⅱ","place":"생교","day":"3","time":"3"},{"id":"A","className":"미분방정식","place":"수교5","day":"3","time":"3"},{"id":"Y","className":"예술사","place":"미술실","day":"3","time":"4"},{"id":"Y","className":"시사영어","place":"외교3","day":"3","time":"4"},{"id":"Y","className":"사회문화","place":"인문3","day":"3","time":"4"},{"id":"Y","className":"독서","place":"인문2","day":"3","time":"4"},{"id":"Y","className":"예술사","place":"음악실","day":"3","time":"5"},{"id":"Y","className":"시사영어","place":"외교3","day":"3","time":"5"},{"id":"Y","className":"사회문화","place":"인문3","day":"3","time":"5"},{"id":"Y","className":"독서","place":"인문2","day":"3","time":"5"},{"id":"W","className":"사회문화","place":"인문3","day":"3","time":"6"},{"id":"M","className":"고급물리학Ⅱ","place":"물교","day":"4","time":"0"},{"id":"M","className":"분자생물학","place":"생교","day":"4","time":"0"},{"id":"C","className":"수학세미나Ⅱ","place":"수교4","day":"4","time":"1"},{"id":"C","className":"물리학세미나Ⅱ","place":"AI상상실","day":"4","time":"1"},{"id":"C","className":"미분방정식","place":"수교5","day":"4","time":"1"},{"id":"C","className":"수학세미나Ⅱ","place":"수교4","day":"4","time":"2"},{"id":"C","className":"물리학세미나Ⅱ","place":"AI상상실","day":"4","time":"2"},{"id":"C","className":"미분방정식","place":"수교5","day":"4","time":"2"},{"id":"W","className":"시사영어","place":"외교3","day":"4","time":"3"},{"id":"D","className":"수학세미나Ⅱ","place":"수교4","day":"4","time":"4"},{"id":"D","className":"미분방정식","place":"수교5","day":"4","time":"4"},{"id":"D","className":"Critical Reading","place":"외교1","day":"4","time":"4"},{"id":"D","className":"수학세미나Ⅱ","place":"수교4","day":"4","time":"5"},{"id":"D","className":"미분방정식","place":"수교5","day":"4","time":"5"},{"id":"D","className":"Critical Reading","place":"외교3","day":"4","time":"5"}],"user":[{"name":"송지민","id":"30101","data":[{"className":"수학세미나Ⅱ","id":"A"},{"className":"물리학세미나Ⅱ","id":"B"},{"className":"미분방정식","id":"D"},{"className":"고급물리학Ⅱ","id":"L"},{"className":"예술사","id":"Y"},{"className":"시사영어","id":"X"},{"className":"사회문화","id":"W"}]},{"name":"이서진","id":"30102","data":[{"className":"수학세미나Ⅱ","id":"A"},{"className":"물리학세미나Ⅱ","id":"B"},{"className":"미분방정식","id":"D"},{"className":"예술사","id":"Z"},{"className":"시사영어","id":"Y"},{"className":"사회문화","id":"W"},{"className":"독서","id":"X"}]},{"name":"김승태","id":"30103","data":[{"className":"수학세미나Ⅱ","id":"B"},{"className":"물리학세미나Ⅱ","id":"C"},{"className":"미분방정식","id":"A"},{"className":"고급물리학Ⅱ","id":"L"},{"className":"예술사","id":"Z"},{"className":"시사영어","id":"Y"},{"className":"독서","id":"X"}]},{"name":"김태진","id":"30104","data":[{"className":"수학세미나Ⅱ","id":"B"},{"className":"물리학세미나Ⅱ","id":"C"},{"className":"미분방정식","id":"A"},{"className":"Critical Reading","id":"D"},{"className":"고급물리학Ⅱ","id":"L"},{"className":"예술사","id":"X"},{"className":"시사영어","id":"Y"},{"className":"사회문화","id":"W"}]},{"name":"박정민","id":"30105","data":[{"className":"수학세미나Ⅱ","id":"B"},{"className":"물리학세미나Ⅱ","id":"C"},{"className":"미분방정식","id":"A"},{"className":"Critical Reading","id":"D"},{"className":"고급물리학Ⅱ","id":"L"},{"className":"예술사","id":"Z"},{"className":"시사영어","id":"Y"},{"className":"독서","id":"X"}]},{"name":"성준영","id":"30106","data":[{"className":"수학세미나Ⅱ","id":"D"},{"className":"물리학세미나Ⅱ","id":"B"},{"className":"미분방정식","id":"A"},{"className":"고급물리학Ⅱ","id":"L"},{"className":"예술사","id":"X"},{"className":"시사영어","id":"Y"},{"className":"사회문화","id":"W"}]},{"name":"양윤서","id":"30107","data":[{"className":"수학세미나Ⅱ","id":"B"},{"className":"물리학세미나Ⅱ","id":"C"},{"className":"미분방정식","id":"A"},{"className":"고급물리학Ⅱ","id":"L"},{"className":"예술사","id":"X"},{"className":"시사영어","id":"Y"},{"className":"사회문화","id":"W"}]},{"name":"오륜택","id":"30108","data":[{"className":"수학세미나Ⅱ","id":"D"},{"className":"물리학세미나Ⅱ","id":"C"},{"className":"미분방정식","id":"A"},{"className":"고급물리학Ⅱ","id":"L"},{"className":"예술사","id":"X"},{"className":"시사영어","id":"Y"},{"className":"사회문화","id":"W"}]},{"name":"우찬우","id":"30109","data":[{"className":"수학세미나Ⅱ","id":"B"},{"className":"물리학세미나Ⅱ","id":"C"},{"className":"미분방정식","id":"A"},{"className":"Critical Reading","id":"D"},{"className":"고급물리학Ⅱ","id":"L"},{"className":"예술사","id":"X"},{"className":"시사영어","id":"Y"},{"className":"사회문화","id":"W"}]},{"name":"이도훈","id":"30110","data":[{"className":"수학세미나Ⅱ","id":"A"},{"className":"물리학세미나Ⅱ","id":"C"},{"className":"고급물리학Ⅱ","id":"L"},{"className":"예술사","id":"Z"},{"className":"시사영어","id":"Y"},{"className":"사회문화","id":"W"},{"className":"독서","id":"x"}]},{"name":"이은석","id":"30111","data":[{"className":"수학세미나Ⅱ","id":"A"},{"className":"물리학세미나Ⅱ","id":"C"},{"className":"미분방정식","id":"D"},{"className":"고급물리학Ⅱ","id":"L"},{"className":"예술사","id":"X"},{"className":"시사영어","id":"Y"}]},{"name":"임서균","id":"30112","data":[{"className":"수학세미나Ⅱ","id":"A"},{"className":"물리학세미나Ⅱ","id":"C"},{"className":"미분방정식","id":"D"},{"className":"고급물리학Ⅱ","id":"L"},{"className":"예술사","id":"Z"},{"className":"시사영어","id":"Y"},{"className":"독서","id":"X"}]},{"name":"조익현","id":"30113","data":[{"className":"수학세미나Ⅱ","id":"A"},{"className":"물리학세미나Ⅱ","id":"C"},{"className":"미분방정식","id":"D"},{"className":"고급물리학Ⅱ","id":"L"},{"className":"예술사","id":"Z"},{"className":"시사영어","id":"Y"},{"className":"사회문화","id":"W"},{"className":"독서","id":"X"}]},{"name":"최윤성","id":"30114","data":[{"className":"수학세미나Ⅱ","id":"A"},{"className":"물리학세미나Ⅱ","id":"C"},{"className":"미분방정식","id":"D"},{"className":"고급물리학Ⅱ","id":"L"},{"className":"예술사","id":"Z"},{"className":"시사영어","id":"Y"},{"className":"독서","id":"X"}]},{"name":"최준서","id":"30115","data":[{"className":"수학세미나Ⅱ","id":"A"},{"className":"물리학세미나Ⅱ","id":"B"},{"className":"미분방정식","id":"D"},{"className":"고급물리학Ⅱ","id":"L"},{"className":"예술사","id":"Z"},{"className":"시사영어","id":"X"},{"className":"사회문화","id":"W"}]},{"name":"황수현","id":"30116","data":[{"className":"수학세미나Ⅱ","id":"D"},{"className":"물리학세미나Ⅱ","id":"B"},{"className":"미분방정식","id":"C"},{"className":"고급물리학Ⅱ","id":"L"},{"className":"예술사","id":"Y"},{"className":"사회문화","id":"W"},{"className":"독서","id":"X"}]},{"name":"권경민","id":"30201","data":[{"className":"수학세미나Ⅱ","id":"B"},{"className":"물리학세미나Ⅱ","id":"A"},{"className":"미분방정식","id":"D"},{"className":"예술사","id":"Z"},{"className":"시사영어","id":"Y"},{"className":"사회문화","id":"W"},{"className":"독서","id":"X"}]},{"name":"김규진","id":"30202","data":[{"className":"수학세미나Ⅱ","id":"D"},{"className":"물리학세미나Ⅱ","id":"B"},{"className":"미분방정식","id":"C"},{"className":"고급물리학Ⅱ","id":"L"},{"className":"예술사","id":"Y"},{"className":"사회문화","id":"W"},{"className":"독서","id":"X"}]},{"name":"김동현","id":"30203","data":[{"className":"수학세미나Ⅱ","id":"A"},{"className":"물리학세미나Ⅱ","id":"B"},{"className":"고급물리학Ⅱ","id":"M"},{"className":"예술사","id":"Z"},{"className":"시사영어","id":"Y"},{"className":"사회문화","id":"W"},{"className":"독서","id":"X"}]},{"name":"김민기","id":"30204","data":[{"className":"수학세미나Ⅱ","id":"A"},{"className":"물리학세미나Ⅱ","id":"B"},{"className":"고급물리학Ⅱ","id":"M"},{"className":"예술사","id":"Z"},{"className":"시사영어","id":"X"},{"className":"사회문화","id":"W"}]},{"name":"김민서","id":"30205","data":[{"className":"수학세미나Ⅱ","id":"A"},{"className":"물리학세미나Ⅱ","id":"B"},{"className":"미분방정식","id":"D"},{"className":"고급물리학Ⅱ","id":"M"},{"className":"예술사","id":"Y"},{"className":"시사영어","id":"X"},{"className":"사회문화","id":"W"}]},{"name":"성윤모","id":"30206","data":[{"className":"수학세미나Ⅱ","id":"A"},{"className":"물리학세미나Ⅱ","id":"B"},{"className":"미분방정식","id":"C"},{"className":"예술사","id":"Y"},{"className":"시사영어","id":"Z"},{"className":"사회문화","id":"X"}]},{"name":"송시원","id":"30207","data":[{"className":"수학세미나Ⅱ","id":"B"},{"className":"물리학세미나Ⅱ","id":"C"},{"className":"미분방정식","id":"A"},{"className":"고급물리학Ⅱ","id":"M"},{"className":"예술사","id":"Z"},{"className":"시사영어","id":"X"},{"className":"사회문화","id":"Y"}]},{"name":"심예준","id":"30208","data":[{"className":"수학세미나Ⅱ","id":"D"},{"className":"물리학세미나Ⅱ","id":"B"},{"className":"미분방정식","id":"A"},{"className":"예술사","id":"W"},{"className":"시사영어","id":"Y"},{"className":"독서","id":"X"}]},{"name":"오준영","id":"30209","data":[{"className":"수학세미나Ⅱ","id":"C"},{"className":"물리학세미나Ⅱ","id":"B"},{"className":"미분방정식","id":"A"},{"className":"고급물리학Ⅱ","id":"M"},{"className":"예술사","id":"Z"},{"className":"시사영어","id":"X"},{"className":"사회문화","id":"Y"}]},{"name":"오준혁","id":"30210","data":[{"className":"수학세미나Ⅱ","id":"C"},{"className":"물리학세미나Ⅱ","id":"B"},{"className":"미분방정식","id":"A"},{"className":"고급물리학Ⅱ","id":"M"},{"className":"예술사","id":"Y"},{"className":"시사영어","id":"W"},{"className":"독서","id":"X"}]},{"name":"이하신","id":"30211","data":[{"className":"수학세미나Ⅱ","id":"A"},{"className":"물리학세미나Ⅱ","id":"B"},{"className":"미분방정식","id":"C"},{"className":"Critical Reading","id":"D"},{"className":"예술사","id":"W"},{"className":"시사영어","id":"Z"},{"className":"사회문화","id":"Y"},{"className":"독서","id":"X"}]},{"name":"이호석","id":"30212","data":[{"className":"수학세미나Ⅱ","id":"B"},{"className":"물리학세미나Ⅱ","id":"C"},{"className":"미분방정식","id":"A"},{"className":"고급물리학Ⅱ","id":"M"},{"className":"예술사","id":"Z"},{"className":"시사영어","id":"X"},{"className":"사회문화","id":"Y"}]},{"name":"장제웅","id":"30213","data":[{"className":"수학세미나Ⅱ","id":"B"},{"className":"물리학세미나Ⅱ","id":"A"},{"className":"예술사","id":"W"},{"className":"시사영어","id":"Z"},{"className":"사회문화","id":"Y"},{"className":"독서","id":"X"}]},{"name":"정택준","id":"30214","data":[{"className":"수학세미나Ⅱ","id":"A"},{"className":"물리학세미나Ⅱ","id":"C"},{"className":"미분방정식","id":"B"},{"className":"고급물리학Ⅱ","id":"M"},{"className":"예술사","id":"Z"},{"className":"시사영어","id":"X"},{"className":"사회문화","id":"Y"}]},{"name":"조건우","id":"30215","data":[{"className":"수학세미나Ⅱ","id":"D"},{"className":"물리학세미나Ⅱ","id":"A"},{"className":"미분방정식","id":"B"},{"className":"고급물리학Ⅱ","id":"M"},{"className":"예술사","id":"Z"},{"className":"시사영어","id":"X"},{"className":"사회문화","id":"Y"}]},{"name":"조형준","id":"30216","data":[{"className":"수학세미나Ⅱ","id":"B"},{"className":"물리학세미나Ⅱ","id":"A"},{"className":"Critical Reading","id":"D"},{"className":"고급물리학Ⅱ","id":"M"},{"className":"예술사","id":"Z"},{"className":"시사영어","id":"X"},{"className":"사회문화","id":"Y"}]},{"name":"여효련","id":"30301","data":[{"className":"수학세미나Ⅱ","id":"C"},{"className":"물리학세미나Ⅱ","id":"A"},{"className":"미분방정식","id":"B"},{"className":"예술사","id":"W"},{"className":"시사영어","id":"Z"},{"className":"사회문화","id":"Y"},{"className":"독서","id":"X"}]},{"name":"정채현","id":"30302","data":[{"className":"수학세미나Ⅱ","id":"D"},{"className":"물리학세미나Ⅱ","id":"A"},{"className":"미분방정식","id":"B"},{"className":"고급물리학Ⅱ","id":"M"},{"className":"예술사","id":"X"},{"className":"시사영어","id":"W"},{"className":"사회문화","id":"Y"}]},{"name":"김민준","id":"30303","data":[{"className":"수학세미나Ⅱ","id":"B"},{"className":"물리학세미나Ⅱ","id":"A"},{"className":"미분방정식","id":"D"},{"className":"예술사","id":"Z"},{"className":"시사영어","id":"X"},{"className":"사회문화","id":"Y"}]},{"name":"김주윤","id":"30304","data":[{"className":"수학세미나Ⅱ","id":"D"},{"className":"물리학세미나Ⅱ","id":"A"},{"className":"미분방정식","id":"B"},{"className":"고급물리학Ⅱ","id":"M"},{"className":"예술사","id":"W"},{"className":"사회문화","id":"Y"},{"className":"독서","id":"X"}]},{"name":"김지환","id":"30305","data":[{"className":"수학세미나Ⅱ","id":"D"},{"className":"물리학세미나Ⅱ","id":"A"},{"className":"미분방정식","id":"B"},{"className":"예술사","id":"W"},{"className":"시사영어","id":"Z"},{"className":"사회문화","id":"Y"},{"className":"독서","id":"X"}]},{"name":"류도훈","id":"30306","data":[{"className":"수학세미나Ⅱ","id":"C"},{"className":"물리학세미나Ⅱ","id":"A"},{"className":"미분방정식","id":"B"},{"className":"예술사","id":"W"},{"className":"사회문화","id":"Y"},{"className":"독서","id":"X"}]},{"name":"민수홍","id":"30307","data":[{"className":"수학세미나Ⅱ","id":"C"},{"className":"화학세미나Ⅱ","id":"A"},{"className":"미분방정식","id":"B"},{"className":"첨단화학","id":"L"},{"className":"예술사","id":"Z"},{"className":"시사영어","id":"X"},{"className":"사회문화","id":"Y"}]},{"name":"박찬희","id":"30308","data":[{"className":"수학세미나Ⅱ","id":"A"},{"className":"물리학세미나Ⅱ","id":"B"},{"className":"미분방정식","id":"C"},{"className":"예술사","id":"X"},{"className":"시사영어","id":"W"},{"className":"사회문화","id":"Z"},{"className":"독서","id":"Y"}]},{"name":"소유석","id":"30309","data":[{"className":"수학세미나Ⅱ","id":"C"},{"className":"물리학세미나Ⅱ","id":"A"},{"className":"미분방정식","id":"B"},{"className":"고급물리학Ⅱ","id":"M"},{"className":"예술사","id":"X"},{"className":"시사영어","id":"W"},{"className":"독서","id":"Y"}]},{"name":"신재우","id":"30310","data":[{"className":"수학세미나Ⅱ","id":"C"},{"className":"물리학세미나Ⅱ","id":"A"},{"className":"미분방정식","id":"B"},{"className":"고급물리학Ⅱ","id":"M"},{"className":"예술사","id":"Y"},{"className":"시사영어","id":"X"},{"className":"사회문화","id":"Z"}]},{"name":"정상현","id":"30311","data":[{"className":"수학세미나Ⅱ","id":"C"},{"className":"물리학세미나Ⅱ","id":"A"},{"className":"미분방정식","id":"B"},{"className":"예술사","id":"X"},{"className":"시사영어","id":"W"},{"className":"독서","id":"Y"}]},{"name":"정찬호","id":"30312","data":[{"className":"수학세미나Ⅱ","id":"D"},{"className":"물리학세미나Ⅱ","id":"A"},{"className":"미분방정식","id":"B"},{"className":"고급물리학Ⅱ","id":"M"},{"className":"예술사","id":"X"},{"className":"시사영어","id":"W"},{"className":"독서","id":"Y"}]},{"name":"최건","id":"30313","data":[{"className":"수학세미나Ⅱ","id":"D"},{"className":"화학세미나Ⅱ","id":"B"},{"className":"미분방정식","id":"A"},{"className":"첨단화학","id":"L"},{"className":"예술사","id":"Y"},{"className":"시사영어","id":"W"},{"className":"사회문화","id":"Z"}]},{"name":"최시형","id":"30314","data":[{"className":"수학세미나Ⅱ","id":"B"},{"className":"물리학세미나Ⅱ","id":"A"},{"className":"미분방정식","id":"C"},{"className":"고급물리학Ⅱ","id":"M"},{"className":"예술사","id":"Y"},{"className":"시사영어","id":"W"},{"className":"사회문화","id":"Z"}]},{"name":"최현서","id":"30315","data":[{"className":"수학세미나Ⅱ","id":"C"},{"className":"화학세미나Ⅱ","id":"A"},{"className":"미분방정식","id":"B"},{"className":"첨단화학","id":"L"},{"className":"예술사","id":"X"},{"className":"사회문화","id":"Z"},{"className":"독서","id":"Y"}]},{"name":"서영은","id":"30401","data":[{"className":"수학세미나Ⅱ","id":"D"},{"className":"화학세미나Ⅱ","id":"A"},{"className":"미분방정식","id":"B"},{"className":"예술사","id":"X"},{"className":"시사영어","id":"W"},{"className":"사회문화","id":"Z"},{"className":"독서","id":"Y"}]},{"name":"조수빈","id":"30402","data":[{"className":"수학세미나Ⅱ","id":"D"},{"className":"생물학세미나Ⅱ","id":"A"},{"className":"미분방정식","id":"C"},{"className":"분자생물학","id":"M"},{"className":"예술사","id":"Y"},{"className":"시사영어","id":"W"},{"className":"사회문화","id":"Z"}]},{"name":"천은아","id":"30403","data":[{"className":"수학세미나Ⅱ","id":"C"},{"className":"생물학세미나Ⅱ","id":"A"},{"className":"미분방정식","id":"D"},{"className":"분자생물학","id":"M"},{"className":"예술사","id":"X"},{"className":"시사영어","id":"W"},{"className":"독서","id":"Y"}]},{"name":"권준호","id":"30404","data":[{"className":"수학세미나Ⅱ","id":"C"},{"className":"화학세미나Ⅱ","id":"A"},{"className":"미분방정식","id":"B"},{"className":"Critical Reading","id":"D"},{"className":"첨단화학","id":"L"},{"className":"예술사","id":"X"},{"className":"사회문화","id":"Z"},{"className":"독서","id":"Y"}]},{"name":"김경택","id":"30405","data":[{"className":"수학세미나Ⅱ","id":"C"},{"className":"생물학세미나Ⅱ","id":"A"},{"className":"미분방정식","id":"D"},{"className":"예술사","id":"X"},{"className":"시사영어","id":"W"},{"className":"사회문화","id":"Z"}]},{"name":"김대순","id":"30406","data":[{"className":"수학세미나Ⅱ","id":"C"},{"className":"생물학세미나Ⅱ","id":"A"},{"className":"Critical Reading","id":"D"},{"className":"분자생물학","id":"M"},{"className":"예술사","id":"X"},{"className":"시사영어","id":"W"},{"className":"사회문화","id":"Z"},{"className":"독서","id":"Y"}]},{"name":"김준우","id":"30407","data":[{"className":"수학세미나Ⅱ","id":"C"},{"className":"생물학세미나Ⅱ","id":"A"},{"className":"Critical Reading","id":"D"},{"className":"분자생물학","id":"M"},{"className":"예술사","id":"Y"},{"className":"시사영어","id":"W"},{"className":"사회문화","id":"Z"}]},{"name":"김진호","id":"30408","data":[{"className":"수학세미나Ⅱ","id":"D"},{"className":"생물학세미나Ⅱ","id":"A"},{"className":"분자생물학","id":"M"},{"className":"예술사","id":"X"},{"className":"시사영어","id":"W"},{"className":"사회문화","id":"Z"},{"className":"독서","id":"Y"}]},{"name":"박윤근","id":"30409","data":[{"className":"수학세미나Ⅱ","id":"D"},{"className":"생물학세미나Ⅱ","id":"A"},{"className":"분자생물학","id":"M"},{"className":"예술사","id":"X"},{"className":"시사영어","id":"W"},{"className":"사회문화","id":"Z"},{"className":"독서","id":"Y"}]},{"name":"안준영","id":"30410","data":[{"className":"수학세미나Ⅱ","id":"B"},{"className":"생물학세미나Ⅱ","id":"A"},{"className":"Critical Reading","id":"D"},{"className":"분자생물학","id":"M"},{"className":"예술사","id":"X"},{"className":"시사영어","id":"W"},{"className":"사회문화","id":"Z"}]},{"name":"안진서","id":"30411","data":[{"className":"수학세미나Ⅱ","id":"B"},{"className":"생물학세미나Ⅱ","id":"A"},{"className":"미분방정식","id":"D"},{"className":"분자생물학","id":"M"},{"className":"예술사","id":"Y"},{"className":"시사영어","id":"X"},{"className":"사회문화","id":"Z"}]},{"name":"장준영","id":"30412","data":[{"className":"수학세미나Ⅱ","id":"C"},{"className":"화학세미나Ⅱ","id":"A"},{"className":"미분방정식","id":"B"},{"className":"첨단화학","id":"L"},{"className":"예술사","id":"Y"},{"className":"시사영어","id":"X"},{"className":"사회문화","id":"Z"}]},{"name":"조찬진","id":"30413","data":[{"className":"수학세미나Ⅱ","id":"C"},{"className":"생물학세미나Ⅱ","id":"A"},{"className":"분자생물학","id":"M"},{"className":"예술사","id":"W"},{"className":"시사영어","id":"X"},{"className":"사회문화","id":"Y"}]},{"name":"하지훈","id":"30414","data":[{"className":"수학세미나Ⅱ","id":"B"},{"className":"생물학세미나Ⅱ","id":"A"},{"className":"미분방정식","id":"D"},{"className":"분자생물학","id":"M"},{"className":"예술사","id":"W"},{"className":"시사영어","id":"Y"},{"className":"사회문화","id":"X"}]},{"name":"황현문","id":"30415","data":[{"className":"수학세미나Ⅱ","id":"C"},{"className":"생물학세미나Ⅱ","id":"A"},{"className":"Critical Reading","id":"D"},{"className":"분자생물학","id":"M"},{"className":"예술사","id":"Y"},{"className":"시사영어","id":"Z"},{"className":"사회문화","id":"X"}]},{"name":"김민주","id":"30501","data":[{"className":"수학세미나Ⅱ","id":"A"},{"className":"화학세미나Ⅱ","id":"B"},{"className":"미분방정식","id":"D"},{"className":"첨단화학","id":"L"},{"className":"예술사","id":"W"},{"className":"사회문화","id":"X"},{"className":"독서","id":"Y"}]},{"name":"신석민","id":"30502","data":[{"className":"수학세미나Ⅱ","id":"B"},{"className":"화학세미나Ⅱ","id":"A"},{"className":"미분방정식","id":"C"},{"className":"첨단화학","id":"L"},{"className":"예술사","id":"Y"},{"className":"시사영어","id":"Z"},{"className":"사회문화","id":"X"}]},{"name":"최지원","id":"30503","data":[{"className":"수학세미나Ⅱ","id":"B"},{"className":"화학세미나Ⅱ","id":"A"},{"className":"미분방정식","id":"C"},{"className":"첨단화학","id":"L"},{"className":"예술사","id":"Y"},{"className":"사회문화","id":"X"}]},{"name":"김재한","id":"30504","data":[{"className":"수학세미나Ⅱ","id":"B"},{"className":"화학세미나Ⅱ","id":"A"},{"className":"미분방정식","id":"C"},{"className":"첨단화학","id":"L"},{"className":"예술사","id":"Y"},{"className":"시사영어","id":"Z"},{"className":"사회문화","id":"X"}]},{"name":"김지민","id":"30505","data":[{"className":"수학세미나Ⅱ","id":"B"},{"className":"화학세미나Ⅱ","id":"A"},{"className":"미분방정식","id":"C"},{"className":"첨단화학","id":"L"},{"className":"예술사","id":"W"},{"className":"시사영어","id":"X"},{"className":"독서","id":"Y"}]},{"name":"김태하","id":"30506","data":[{"className":"수학세미나Ⅱ","id":"B"},{"className":"화학세미나Ⅱ","id":"A"},{"className":"미분방정식","id":"C"},{"className":"첨단화학","id":"L"},{"className":"예술사","id":"Y"},{"className":"시사영어","id":"Z"},{"className":"사회문화","id":"X"}]},{"name":"김태현","id":"30507","data":[{"className":"수학세미나Ⅱ","id":"A"},{"className":"화학세미나Ⅱ","id":"B"},{"className":"첨단화학","id":"L"},{"className":"분자생물학","id":"M"},{"className":"예술사","id":"W"},{"className":"시사영어","id":"X"},{"className":"독서","id":"Y"}]},{"name":"박민호","id":"30508","data":[{"className":"수학세미나Ⅱ","id":"A"},{"className":"화학세미나Ⅱ","id":"B"},{"className":"미분방정식","id":"C"},{"className":"Critical Reading","id":"D"},{"className":"첨단화학","id":"L"},{"className":"예술사","id":"W"},{"className":"사회문화","id":"X"},{"className":"독서","id":"Y"}]},{"name":"박범수","id":"30509","data":[{"className":"수학세미나Ⅱ","id":"C"},{"className":"화학세미나Ⅱ","id":"B"},{"className":"미분방정식","id":"A"},{"className":"Critical Reading","id":"D"},{"className":"첨단화학","id":"L"},{"className":"예술사","id":"W"},{"className":"시사영어","id":"Z"},{"className":"사회문화","id":"X"},{"className":"독서","id":"Y"}]},{"name":"박수호","id":"30510","data":[{"className":"수학세미나Ⅱ","id":"A"},{"className":"화학세미나Ⅱ","id":"B"},{"className":"첨단화학","id":"L"},{"className":"예술사","id":"W"},{"className":"시사영어","id":"Z"},{"className":"사회문화","id":"X"},{"className":"독서","id":"Y"}]},{"name":"윤우진","id":"30511","data":[{"className":"수학세미나Ⅱ","id":"A"},{"className":"화학세미나Ⅱ","id":"B"},{"className":"Critical Reading","id":"D"},{"className":"예술사","id":"W"},{"className":"시사영어","id":"Z"},{"className":"사회문화","id":"X"},{"className":"독서","id":"Y"}]},{"name":"이신형","id":"30512","data":[{"className":"수학세미나Ⅱ","id":"D"},{"className":"화학세미나Ⅱ","id":"A"},{"className":"미분방정식","id":"C"},{"className":"첨단화학","id":"L"},{"className":"예술사","id":"Y"},{"className":"시사영어","id":"Z"},{"className":"사회문화","id":"X"}]},{"name":"장동근","id":"30513","data":[{"className":"수학세미나Ⅱ","id":"C"},{"className":"화학세미나Ⅱ","id":"B"},{"className":"미분방정식","id":"A"},{"className":"첨단화학","id":"L"},{"className":"예술사","id":"Y"},{"className":"시사영어","id":"Z"},{"className":"사회문화","id":"X"}]},{"name":"전병현","id":"30514","data":[{"className":"수학세미나Ⅱ","id":"D"},{"className":"화학세미나Ⅱ","id":"B"},{"className":"미분방정식","id":"C"},{"className":"첨단화학","id":"L"},{"className":"예술사","id":"W"},{"className":"시사영어","id":"Z"},{"className":"사회문화","id":"X"}]},{"name":"정유민","id":"30515","data":[{"className":"수학세미나Ⅱ","id":"D"},{"className":"화학세미나Ⅱ","id":"B"},{"className":"첨단화학","id":"L"},{"className":"예술사","id":"W"},{"className":"시사영어","id":"Z"},{"className":"사회문화","id":"X"}]},{"name":"한정우","id":"30516","data":[{"className":"수학세미나Ⅱ","id":"D"},{"className":"화학세미나Ⅱ","id":"B"},{"className":"미분방정식","id":"A"},{"className":"첨단화학","id":"L"},{"className":"예술사","id":"W"},{"className":"시사영어","id":"Z"},{"className":"사회문화","id":"X"}]}]}