﻿{"class":[{"id":"K","className":"문학","place":"인문교과실1","day":"0","time":"0"},{"id":"K","className":"경제","place":"인문교과실3","day":"0","time":"0"},{"id":"K","className":"Public Speaking and Presentation","place":"외국어교과실2","day":"0","time":"0"},{"id":"K","className":"문학","place":"인문교과실1","day":"0","time":"1"},{"id":"K","className":"경제","place":"인문교과실3","day":"0","time":"1"},{"id":"K","className":"Public Speaking and Presentation","place":"외국어교과실2","day":"0","time":"1"},{"id":"K1","className":"생활스포츠","place":"강당","day":"0","time":"1"},{"id":"A","className":"AP미적분학I","place":"수학교과실2","day":"0","time":"2"},{"id":"A","className":"AP일반물리학I","place":"물리교과실","day":"0","time":"2"},{"id":"A","className":"AP일반화학I","place":"과학R&E실","day":"0","time":"2"},{"id":"A","className":"AP프로그래밍과문제해결","place":"컴퓨터실2","day":"0","time":"2"},{"id":"A1","className":"생명과학실험 I","place":"생물실험실1","day":"0","time":"2"},{"id":"A","className":"AP미적분학I","place":"수학교과실2","day":"0","time":"3"},{"id":"A","className":"AP일반물리학I","place":"물리교과실","day":"0","time":"3"},{"id":"A","className":"AP일반화학I","place":"과학R&E실","day":"0","time":"3"},{"id":"A","className":"AP프로그래밍과문제해결","place":"컴퓨터실2","day":"0","time":"3"},{"id":"A1","className":"생명과학실험 I","place":"생물실험실1","day":"0","time":"3"},{"id":"F","className":"확률과통계","place":"수학교과실1","day":"0","time":"4"},{"id":"F","className":"생활속의 데이터분석","place":"컴퓨터실1","day":"0","time":"4"},{"id":"F","className":"인공지능과 미래사회","place":"AI미래상상실","day":"0","time":"4"},{"id":"F","className":"사회문제와 인문학적상상력","place":"인문교과실3","day":"0","time":"4"},{"id":"E","className":"확률과통계","place":"수학교과실1","day":"0","time":"5"},{"id":"E","className":"일반생명과학 I","place":"생물교과실","day":"0","time":"5"},{"id":"E","className":"생활속의 데이터분석","place":"컴퓨터실1","day":"0","time":"5"},{"id":"E","className":"사회문제와 인문학적상상력","place":"인문교과실2","day":"0","time":"5"},{"id":"E","className":"확률과통계","place":"수학교과실1","day":"0","time":"6"},{"id":"E","className":"일반생명과학 I","place":"생물교과실","day":"0","time":"6"},{"id":"E","className":"생활속의 데이터분석","place":"컴퓨터실1","day":"0","time":"6"},{"id":"E","className":"사회문제와 인문학적상상력","place":"인문교과실2","day":"0","time":"6"},{"id":"G","className":"확률과통계","place":"수학교과실1","day":"0","time":"8"},{"id":"G","className":"생활속의 데이터분석","place":"컴퓨터1","day":"0","time":"8"},{"id":"G","className":"생활속의 공학","place":"물리실험실1","day":"0","time":"8"},{"id":"G","className":"사회문제와 인문학적상상력","place":"인문교과실3","day":"0","time":"8"},{"id":"B","className":"AP미적분학I","place":"수학교과실2","day":"1","time":"0"},{"id":"B","className":"AP일반물리학I","place":"물리교과실","day":"1","time":"0"},{"id":"B","className":"AP일반화학I","place":"과학R&E실","day":"1","time":"0"},{"id":"B","className":"AP프로그래밍과문제해결","place":"컴퓨터실1","day":"1","time":"0"},{"id":"B","className":"AP미적분학I","place":"수학교과실2","day":"1","time":"1"},{"id":"B","className":"AP일반물리학I","place":"물리교과실","day":"1","time":"1"},{"id":"B","className":"AP일반화학I","place":"과학R&E실","day":"1","time":"1"},{"id":"B","className":"AP프로그래밍과문제해결","place":"컴퓨터실1","day":"1","time":"1"},{"id":"C","className":"AP미적분학I","place":"수학교과실2","day":"1","time":"2"},{"id":"C","className":"AP일반물리학I","place":"물리교과실","day":"1","time":"2"},{"id":"C1","className":"경제","place":"인문교과실3","day":"1","time":"2"},{"id":"C1","className":"창의적 디자인I","place":"디자인실","day":"1","time":"2"},{"id":"C","className":"AP미적분학I","place":"수학교과실2","day":"1","time":"3"},{"id":"C","className":"AP일반물리학I","place":"물리교과실","day":"1","time":"3"},{"id":"C1","className":"경제","place":"인문교과실3","day":"1","time":"3"},{"id":"C1","className":"창의적 디자인I","place":"디자인실","day":"1","time":"3"},{"id":"H","className":"확률과통계","place":"수학교과실1","day":"1","time":"4"},{"id":"H","className":"일반생명과학 I","place":"생물교과실","day":"1","time":"4"},{"id":"H","className":"생활속의 공학","place":"물리실험실1","day":"1","time":"4"},{"id":"H","className":"인공지능과 미래사회","place":"AI미래상상실","day":"1","time":"4"},{"id":"H","className":"미래 주제탐구","place":"외국어교과실1","day":"1","time":"4"},{"id":"F","className":"확률과통계","place":"수학교과실1","day":"1","time":"5"},{"id":"F","className":"생활속의 데이터분석","place":"컴퓨터실1","day":"1","time":"5"},{"id":"F","className":"인공지능과 미래사회","place":"AI미래상상실","day":"1","time":"5"},{"id":"F","className":"사회문제와 인문학적상상력","place":"인문교과실2","day":"1","time":"5"},{"id":"F","className":"확률과통계","place":"수학교과실1","day":"1","time":"6"},{"id":"F","className":"생활속의 데이터분석","place":"컴퓨터실1","day":"1","time":"6"},{"id":"F","className":"인공지능과 미래사회","place":"AI미래상상실","day":"1","time":"6"},{"id":"F","className":"사회문제와 인문학적상상력","place":"인문교과실2","day":"1","time":"6"},{"id":"D","className":"AP미적분학I","place":"수학교과실2","day":"1","time":"7"},{"id":"D","className":"AP일반물리학I","place":"물리교과실","day":"1","time":"7"},{"id":"D2","className":"영미문화탐구","place":"외국어교과실2","day":"1","time":"7"},{"id":"D2","className":"창의적 디자인I","place":"디자인실","day":"1","time":"7"},{"id":"D","className":"AP미적분학I","place":"수학교과실2","day":"1","time":"8"},{"id":"D","className":"AP일반물리학I","place":"물리교과실","day":"1","time":"8"},{"id":"D2","className":"영미문화탐구","place":"외국어교과실2","day":"1","time":"8"},{"id":"D2","className":"창의적 디자인I","place":"디자인실","day":"1","time":"8"},{"id":"C","className":"AP미적분학I","place":"수학교과실2","day":"2","time":"0"},{"id":"C","className":"AP일반물리학I","place":"물리교과실","day":"2","time":"0"},{"id":"C2","className":"경제","place":"인문교과실3","day":"2","time":"0"},{"id":"C2","className":"창의적 디자인I","place":"디자인실","day":"2","time":"0"},{"id":"C","className":"AP미적분학I","place":"수학교과실2","day":"2","time":"1"},{"id":"C","className":"AP일반물리학I","place":"물리교과실","day":"2","time":"1"},{"id":"C2","className":"경제","place":"인문교과실3","day":"2","time":"1"},{"id":"C2","className":"창의적 디자인I","place":"디자인실","day":"2","time":"1"},{"id":"M","className":"화법과 작문","place":"인문교과실1","day":"2","time":"2"},{"id":"M","className":"Public Speaking and Presentation","place":"외국어교과실2","day":"2","time":"2"},{"id":"M","className":"창의적 디자인I","place":"디자인실","day":"2","time":"2"},{"id":"M","className":"화법과 작문","place":"인문교과실1","day":"2","time":"3"},{"id":"M","className":"Public Speaking and Presentation","place":"외국어교과실2","day":"2","time":"3"},{"id":"M","className":"창의적 디자인I","place":"디자인실","day":"2","time":"3"},{"id":"J","className":"생활속의 데이터분석","place":"컴퓨터실1","day":"2","time":"4"},{"id":"J","className":"인공지능과 미래사회","place":"AI미래상상실","day":"2","time":"4"},{"id":"J","className":"과학문명사","place":"지구과학실험실1","day":"2","time":"4"},{"id":"B","className":"AP미적분학I","place":"수학교과실2","day":"3","time":"0"},{"id":"B","className":"AP일반물리학I","place":"물리교과실","day":"3","time":"0"},{"id":"B","className":"AP일반화학I","place":"과학R&E실","day":"3","time":"0"},{"id":"B","className":"AP프로그래밍과문제해결","place":"컴퓨터실1","day":"3","time":"0"},{"id":"B","className":"AP미적분학I","place":"수학교과실2","day":"3","time":"1"},{"id":"B","className":"AP일반물리학I","place":"물리교과실","day":"3","time":"1"},{"id":"B","className":"AP일반화학I","place":"과학R&E실","day":"3","time":"1"},{"id":"B","className":"AP프로그래밍과문제해결","place":"컴퓨터실1","day":"3","time":"1"},{"id":"D","className":"AP미적분학I","place":"수학교과실2","day":"3","time":"2"},{"id":"D","className":"AP일반물리학I","place":"물리교과실","day":"3","time":"2"},{"id":"D1","className":"화법과 작문","place":"인문교과실1","day":"3","time":"2"},{"id":"D1","className":"경제","place":"인문교과실3","day":"3","time":"2"},{"id":"D","className":"AP미적분학I","place":"수학교과실2","day":"3","time":"3"},{"id":"D","className":"AP일반물리학I","place":"물리교과실","day":"3","time":"3"},{"id":"D1","className":"화법과 작문","place":"인문교과실1","day":"3","time":"3"},{"id":"D1","className":"경제","place":"인문교과실3","day":"3","time":"3"},{"id":"E","className":"확률과통계","place":"수학교과실1","day":"3","time":"4"},{"id":"E","className":"일반생명과학 I","place":"생물실험실1","day":"3","time":"4"},{"id":"E","className":"생활속의 데이터분석","place":"컴퓨터실1","day":"3","time":"4"},{"id":"E","className":"사회문제와 인문학적상상력","place":"인문교과실3","day":"3","time":"4"},{"id":"A","className":"AP미적분학I","place":"수학교과실2","day":"3","time":"5"},{"id":"A","className":"AP일반물리학I","place":"물리교과실","day":"3","time":"5"},{"id":"A","className":"AP일반화학I","place":"과학R&E실","day":"3","time":"5"},{"id":"A","className":"AP프로그래밍과문제해결","place":"컴퓨터실2","day":"3","time":"5"},{"id":"A","className":"AP미적분학I","place":"수학교과실2","day":"3","time":"6"},{"id":"A","className":"AP일반물리학I","place":"물리교과실","day":"3","time":"6"},{"id":"A","className":"AP일반화학I","place":"과학R&E실","day":"3","time":"6"},{"id":"A","className":"AP프로그래밍과문제해결","place":"컴퓨터실2","day":"3","time":"6"},{"id":"J","className":"생활속의 데이터분석","place":"컴퓨터실1","day":"3","time":"7"},{"id":"J","className":"인공지능과 미래사회","place":"AI미래상상실","day":"3","time":"7"},{"id":"J","className":"과학문명사","place":"지구과학실험실1","day":"3","time":"7"},{"id":"J1","className":"화법과 작문","place":"인문교과실1","day":"3","time":"7"},{"id":"J1","className":"영미문화탐구","place":"외국어교과실2","day":"3","time":"7"},{"id":"J","className":"생활속의 데이터분석","place":"컴퓨터실1","day":"3","time":"8"},{"id":"J","className":"인공지능과 미래사회","place":"AI미래상상실","day":"3","time":"8"},{"id":"J","className":"과학문명사","place":"지구과학실험실1","day":"3","time":"8"},{"id":"J1","className":"화법과 작문","place":"인문교과실1","day":"3","time":"8"},{"id":"J1","className":"영미문화탐구","place":"외국어교과실2","day":"3","time":"8"},{"id":"H","className":"확률과통계","place":"수학교과실1","day":"4","time":"0"},{"id":"H","className":"일반생명과학 I","place":"생물교과실","day":"4","time":"0"},{"id":"H","className":"생활속의 공학","place":"물리실험실1","day":"4","time":"0"},{"id":"H","className":"인공지능과 미래사회","place":"AI미래상상실","day":"4","time":"0"},{"id":"H","className":"미래 주제탐구","place":"외국어교과실1","day":"4","time":"0"},{"id":"H","className":"확률과통계","place":"수학교과실1","day":"4","time":"1"},{"id":"H","className":"일반생명과학 I","place":"생물교과실","day":"4","time":"1"},{"id":"H","className":"생활속의 공학","place":"물리실험실1","day":"4","time":"1"},{"id":"H","className":"인공지능과 미래사회","place":"AI미래상상실","day":"4","time":"1"},{"id":"H","className":"미래 주제탐구","place":"외국어교과실1","day":"4","time":"1"},{"id":"L","className":"화법과 작문","place":"인문교과실1","day":"4","time":"2"},{"id":"L","className":"Public Speaking and Presentation","place":"외국어교과실2","day":"4","time":"2"},{"id":"L","className":"AP일반물리학실험I","place":"물리실험실2","day":"4","time":"2"},{"id":"L","className":"AP일반화학실험I","place":"화학실험실1","day":"4","time":"2"},{"id":"L1","className":"생활스포츠","place":"강당","day":"4","time":"2"},{"id":"L","className":"화법과 작문","place":"인문교과실1","day":"4","time":"3"},{"id":"L","className":"Public Speaking and Presentation","place":"외국어교과실2","day":"4","time":"3"},{"id":"L","className":"AP일반물리학실험I","place":"물리실험실2","day":"4","time":"3"},{"id":"L","className":"AP일반화학실험I","place":"화학실험실1","day":"4","time":"3"},{"id":"G","className":"확률과통계","place":"수학교과실1","day":"4","time":"4"},{"id":"G","className":"생활속의 데이터분석","place":"컴퓨터실1","day":"4","time":"4"},{"id":"G","className":"생활속의 공학","place":"물리실험실1","day":"4","time":"4"},{"id":"G","className":"사회문제와 인문학적상상력","place":"인문2","day":"4","time":"4"},{"id":"G","className":"확률과통계","place":"수학교과실1","day":"4","time":"5"},{"id":"G","className":"생활속의 데이터분석","place":"컴퓨터실1","day":"4","time":"5"},{"id":"G","className":"생활속의 공학","place":"물리실험실1","day":"4","time":"5"},{"id":"G","className":"사회문제와 인문학적상상력","place":"인문2","day":"4","time":"5"}],"user":[{"name":"김새봄","id":"20101","data":[{"className":"AP미적분학I","id":"D"},{"className":"확률과통계","id":"F"},{"className":"생활속의 데이터분석","id":"G"},{"className":"일반생명과학 I","id":"E"},{"className":"미래 주제탐구","id":"H"},{"className":"과학문명사","id":"J"},{"className":"경제","id":"C2"},{"className":"문학","id":"K"},{"className":"Public Speaking and Presentation","id":"M"},{"className":"AP일반화학실험I","id":"L"},{"className":"생명과학실험 I","id":"A1"},{"className":"창의적 디자인I","id":"C1"}]},{"name":"김예원","id":"20102","data":[{"className":"AP미적분학I","id":"C"},{"className":"AP일반화학I","id":"A"},{"className":"확률과통계","id":"E"},{"className":"생활속의 데이터분석","id":"G"},{"className":"일반생명과학 I","id":"H"},{"className":"인공지능과 미래사회","id":"J"},{"className":"사회문제와 인문학적상상력","id":"F"},{"className":"경제","id":"D1"},{"className":"화법과 작문","id":"M"},{"className":"Public Speaking and Presentation","id":"L"},{"className":"창의적 디자인I","id":"D2"},{"className":"생활스포츠","id":"K1"}]},{"name":"소유진","id":"20103","data":[{"className":"AP미적분학I","id":"D"},{"className":"AP일반물리학I","id":"A"},{"className":"AP프로그래밍과문제해결","id":"B"},{"className":"확률과통계","id":"H"},{"className":"생활속의 데이터분석","id":"J"},{"className":"인공지능과 미래사회","id":"F"},{"className":"사회문제와 인문학적상상력","id":"E"},{"className":"경제","id":"C2"},{"className":"화법과 작문","id":"L"},{"className":"Public Speaking and Presentation","id":"K"},{"className":"창의적 디자인I","id":"C1"}]},{"name":"정지현","id":"20104","data":[{"className":"AP미적분학I","id":"A"},{"className":"AP일반물리학I","id":"C"},{"className":"AP일반화학I","id":"B"},{"className":"확률과통계","id":"E"},{"className":"생활속의 데이터분석","id":"J"},{"className":"미래 주제탐구","id":"H"},{"className":"사회문제와 인문학적상상력","id":"G"},{"className":"경제","id":"K"},{"className":"화법과 작문","id":"D1"},{"className":"Public Speaking and Presentation","id":"M"},{"className":"AP일반화학실험I","id":"L"},{"className":"창의적 디자인I","id":"D2"}]},{"name":"강하균","id":"20105","data":[{"className":"AP미적분학I","id":"B"},{"className":"AP일반물리학I","id":"C"},{"className":"AP일반화학I","id":"A"},{"className":"확률과통계","id":"G"},{"className":"생활속의 데이터분석","id":"E"},{"className":"인공지능과 미래사회","id":"J"},{"className":"미래 주제탐구","id":"H"},{"className":"경제","id":"D1"},{"className":"문학","id":"K"},{"className":"Public Speaking and Presentation","id":"M"},{"className":"창의적 디자인I","id":"D2"},{"className":"생활스포츠","id":"L1"}]},{"name":"김준호","id":"20106","data":[{"className":"AP미적분학I","id":"D"},{"className":"AP일반물리학I","id":"A"},{"className":"AP프로그래밍과문제해결","id":"B"},{"className":"확률과통계","id":"F"},{"className":"생활속의 데이터분석","id":"E"},{"className":"인공지능과 미래사회","id":"H"},{"className":"생활속의 공학","id":"G"},{"className":"경제","id":"C1"},{"className":"화법과 작문","id":"M"},{"className":"영미문화탐구","id":"J1"},{"className":"창의적 디자인I","id":"C2"},{"className":"생활스포츠","id":"K1"}]},{"name":"송지훈","id":"20107","data":[{"className":"AP미적분학I","id":"B"},{"className":"AP일반물리학I","id":"C"},{"className":"AP프로그래밍과문제해결","id":"A"},{"className":"확률과통계","id":"H"},{"className":"생활속의 데이터분석","id":"E"},{"className":"인공지능과 미래사회","id":"F"},{"className":"사회문제와 인문학적상상력","id":"G"},{"className":"경제","id":"D1"},{"className":"화법과 작문","id":"J1"},{"className":"Public Speaking and Presentation","id":"L"},{"className":"창의적 디자인I","id":"M"},{"className":"생활스포츠","id":"K1"}]},{"name":"신재훈","id":"20108","data":[{"className":"AP미적분학I","id":"B"},{"className":"AP일반물리학I","id":"C"},{"className":"AP일반화학I","id":"A"},{"className":"확률과통계","id":"F"},{"className":"생활속의 데이터분석","id":"E"},{"className":"미래 주제탐구","id":"H"},{"className":"생활속의 공학","id":"G"},{"className":"경제","id":"D1"},{"className":"화법과 작문","id":"J1"},{"className":"Public Speaking and Presentation","id":"L"},{"className":"창의적 디자인I","id":"M"},{"className":"생활스포츠","id":"K1"}]},{"name":"연규환","id":"20109","data":[{"className":"AP미적분학I","id":"A"},{"className":"AP일반물리학I","id":"B"},{"className":"확률과통계","id":"E"},{"className":"생활속의 데이터분석","id":"F"},{"className":"일반생명과학 I","id":"H"},{"className":"인공지능과 미래사회","id":"J"},{"className":"사회문제와 인문학적상상력","id":"G"},{"className":"경제","id":"C2"},{"className":"문학","id":"K"},{"className":"영미문화탐구","id":"D2"},{"className":"창의적 디자인I","id":"C1"},{"className":"생활스포츠","id":"L1"}]},{"name":"오승현","id":"20110","data":[{"className":"AP미적분학I","id":"C"},{"className":"AP일반물리학I","id":"B"},{"className":"확률과통계","id":"H"},{"className":"생활속의 데이터분석","id":"G"},{"className":"일반생명과학 I","id":"E"},{"className":"인공지능과 미래사회","id":"J"},{"className":"사회문제와 인문학적상상력","id":"F"},{"className":"경제","id":"D1"},{"className":"화법과 작문","id":"L"},{"className":"Public Speaking and Presentation","id":"K"},{"className":"생명과학실험 I","id":"A1"},{"className":"창의적 디자인I","id":"D2"}]},{"name":"유형준","id":"20111","data":[{"className":"AP미적분학I","id":"C"},{"className":"AP일반물리학I","id":"B"},{"className":"AP프로그래밍과문제해결","id":"A"},{"className":"확률과통계","id":"E"},{"className":"생활속의 데이터분석","id":"F"},{"className":"인공지능과 미래사회","id":"J"},{"className":"사회문제와 인문학적상상력","id":"G"},{"className":"경제","id":"K"},{"className":"화법과 작문","id":"D1"},{"className":"Public Speaking and Presentation","id":"L"},{"className":"창의적 디자인I","id":"M"}]},{"name":"윤성근","id":"20112","data":[{"className":"AP미적분학I","id":"B"},{"className":"AP일반물리학I","id":"D"},{"className":"AP일반화학I","id":"A"},{"className":"확률과통계","id":"G"},{"className":"생활속의 데이터분석","id":"F"},{"className":"미래 주제탐구","id":"H"},{"className":"과학문명사","id":"J"},{"className":"경제","id":"C2"},{"className":"화법과 작문","id":"M"},{"className":"Public Speaking and Presentation","id":"K"},{"className":"AP일반물리학실험I","id":"L"},{"className":"창의적 디자인I","id":"C1"}]},{"name":"이원준","id":"20113","data":[{"className":"AP미적분학I","id":"C"},{"className":"AP일반물리학I","id":"B"},{"className":"AP프로그래밍과문제해결","id":"A"},{"className":"확률과통계","id":"F"},{"className":"생활속의 데이터분석","id":"E"},{"className":"인공지능과 미래사회","id":"J"},{"className":"생활속의 공학","id":"H"},{"className":"경제","id":"D1"},{"className":"화법과 작문","id":"M"},{"className":"Public Speaking and Presentation","id":"K"},{"className":"창의적 디자인I","id":"D2"},{"className":"생활스포츠","id":"L1"}]},{"name":"이준영","id":"20114","data":[{"className":"AP미적분학I","id":"D"},{"className":"AP일반물리학I","id":"B"},{"className":"AP일반화학I","id":"A"},{"className":"확률과통계","id":"F"},{"className":"생활속의 데이터분석","id":"E"},{"className":"미래 주제탐구","id":"H"},{"className":"생활속의 공학","id":"G"},{"className":"경제","id":"C2"},{"className":"화법과 작문","id":"J1"},{"className":"Public Speaking and Presentation","id":"L"},{"className":"창의적 디자인I","id":"C1"}]},{"name":"이태윤","id":"20115","data":[{"className":"AP미적분학I","id":"B"},{"className":"AP일반물리학I","id":"C"},{"className":"AP일반화학I","id":"A"},{"className":"확률과통계","id":"F"},{"className":"생활속의 데이터분석","id":"G"},{"className":"미래 주제탐구","id":"H"},{"className":"사회문제와 인문학적상상력","id":"E"},{"className":"경제","id":"K"},{"className":"화법과 작문","id":"J1"},{"className":"Public Speaking and Presentation","id":"M"},{"className":"창의적 디자인I","id":"D2"},{"className":"생활스포츠","id":"L1"}]},{"name":"조민석","id":"20116","data":[{"className":"AP미적분학I","id":"C"},{"className":"AP일반화학I","id":"B"},{"className":"확률과통계","id":"F"},{"className":"생활속의 데이터분석","id":"E"},{"className":"일반생명과학 I","id":"H"},{"className":"인공지능과 미래사회","id":"J"},{"className":"사회문제와 인문학적상상력","id":"G"},{"className":"경제","id":"K"},{"className":"화법과 작문","id":"D1"},{"className":"Public Speaking and Presentation","id":"L"},{"className":"생명과학실험 I","id":"A1"},{"className":"창의적 디자인I","id":"D2"}]},{"name":"허태호","id":"20117","data":[{"className":"AP미적분학I","id":"D"},{"className":"AP일반물리학I","id":"A"},{"className":"AP프로그래밍과문제해결","id":"B"},{"className":"확률과통계","id":"E"},{"className":"생활속의 데이터분석","id":"G"},{"className":"생활속의 공학","id":"H"},{"className":"사회문제와 인문학적상상력","id":"F"},{"className":"경제","id":"C1"},{"className":"화법과 작문","id":"J1"},{"className":"Public Speaking and Presentation","id":"K"},{"className":"창의적 디자인I","id":"C2"},{"className":"생활스포츠","id":"L1"}]},{"name":"안예서","id":"20201","data":[{"className":"AP미적분학I","id":"A"},{"className":"AP일반물리학I","id":"C"},{"className":"AP프로그래밍과문제해결","id":"B"},{"className":"확률과통계","id":"H"},{"className":"생활속의 데이터분석","id":"J"},{"className":"인공지능과 미래사회","id":"F"},{"className":"사회문제와 인문학적상상력","id":"E"},{"className":"경제","id":"K"},{"className":"화법과 작문","id":"D1"},{"className":"Public Speaking and Presentation","id":"L"},{"className":"창의적 디자인I","id":"M"}]},{"name":"정민주","id":"20202","data":[{"className":"AP미적분학I","id":"A"},{"className":"AP일반물리학I","id":"C"},{"className":"AP일반화학I","id":"B"},{"className":"확률과통계","id":"H"},{"className":"생활속의 데이터분석","id":"G"},{"className":"인공지능과 미래사회","id":"F"},{"className":"사회문제와 인문학적상상력","id":"E"},{"className":"경제","id":"K"},{"className":"화법과 작문","id":"J1"},{"className":"Public Speaking and Presentation","id":"L"},{"className":"창의적 디자인I","id":"D2"}]},{"name":"조주연","id":"20203","data":[{"className":"AP미적분학I","id":"A"},{"className":"AP일반화학I","id":"B"},{"className":"확률과통계","id":"G"},{"className":"생활속의 데이터분석","id":"J"},{"className":"일반생명과학 I","id":"H"},{"className":"인공지능과 미래사회","id":"F"},{"className":"사회문제와 인문학적상상력","id":"E"},{"className":"경제","id":"C1"},{"className":"화법과 작문","id":"D1"},{"className":"Public Speaking and Presentation","id":"M"},{"className":"AP일반화학실험I","id":"L"},{"className":"창의적 디자인I","id":"C2"},{"className":"생활스포츠","id":"K1"}]},{"name":"김도현","id":"20204","data":[{"className":"AP미적분학I","id":"A"},{"className":"AP일반물리학I","id":"C"},{"className":"AP프로그래밍과문제해결","id":"B"},{"className":"확률과통계","id":"H"},{"className":"생활속의 데이터분석","id":"G"},{"className":"인공지능과 미래사회","id":"F"},{"className":"사회문제와 인문학적상상력","id":"E"},{"className":"경제","id":"D1"},{"className":"화법과 작문","id":"J1"},{"className":"Public Speaking and Presentation","id":"K"},{"className":"창의적 디자인I","id":"D2"},{"className":"생활스포츠","id":"L1"}]},{"name":"김태호","id":"20205","data":[{"className":"AP미적분학I","id":"A"},{"className":"AP일반물리학I","id":"D"},{"className":"AP일반화학I","id":"B"},{"className":"확률과통계","id":"G"},{"className":"생활속의 데이터분석","id":"F"},{"className":"과학문명사","id":"J"},{"className":"생활속의 공학","id":"H"},{"className":"경제","id":"C1"},{"className":"화법과 작문","id":"L"},{"className":"Public Speaking and Presentation","id":"M"},{"className":"창의적 디자인I","id":"C2"},{"className":"생활스포츠","id":"K1"}]},{"name":"김현민","id":"20206","data":[{"className":"AP미적분학I","id":"C"},{"className":"AP일반물리학I","id":"B"},{"className":"AP일반화학I","id":"A"},{"className":"확률과통계","id":"H"},{"className":"생활속의 데이터분석","id":"G"},{"className":"인공지능과 미래사회","id":"J"},{"className":"사회문제와 인문학적상상력","id":"F"},{"className":"경제","id":"K"},{"className":"화법과 작문","id":"L"},{"className":"Public Speaking and Presentation","id":"M"},{"className":"창의적 디자인I","id":"D2"}]},{"name":"박무혁","id":"20207","data":[{"className":"AP미적분학I","id":"C"},{"className":"AP일반물리학I","id":"B"},{"className":"AP일반화학I","id":"A"},{"className":"확률과통계","id":"E"},{"className":"생활속의 데이터분석","id":"G"},{"className":"인공지능과 미래사회","id":"F"},{"className":"생활속의 공학","id":"H"},{"className":"경제","id":"D1"},{"className":"화법과 작문","id":"L"},{"className":"영미문화탐구","id":"J1"},{"className":"창의적 디자인I","id":"D2"},{"className":"생활스포츠","id":"K1"}]},{"name":"박준혁","id":"20208","data":[{"className":"AP미적분학I","id":"A"},{"className":"AP일반물리학I","id":"D"},{"className":"AP일반화학I","id":"B"},{"className":"확률과통계","id":"E"},{"className":"생활속의 데이터분석","id":"J"},{"className":"미래 주제탐구","id":"H"},{"className":"사회문제와 인문학적상상력","id":"G"},{"className":"경제","id":"C2"},{"className":"화법과 작문","id":"M"},{"className":"Public Speaking and Presentation","id":"K"},{"className":"AP일반물리학실험I","id":"L"},{"className":"창의적 디자인I","id":"C1"}]},{"name":"유현서","id":"20209","data":[{"className":"AP미적분학I","id":"C"},{"className":"AP일반물리학I","id":"B"},{"className":"AP프로그래밍과문제해결","id":"A"},{"className":"확률과통계","id":"E"},{"className":"생활속의 데이터분석","id":"F"},{"className":"인공지능과 미래사회","id":"J"},{"className":"생활속의 공학","id":"G"},{"className":"경제","id":"D1"},{"className":"문학","id":"K"},{"className":"Public Speaking and Presentation","id":"L"},{"className":"창의적 디자인I","id":"M"}]},{"name":"이우진","id":"20210","data":[{"className":"AP미적분학I","id":"B"},{"className":"AP일반물리학I","id":"D"},{"className":"AP프로그래밍과문제해결","id":"A"},{"className":"확률과통계","id":"E"},{"className":"생활속의 데이터분석","id":"F"},{"className":"인공지능과 미래사회","id":"H"},{"className":"생활속의 공학","id":"G"},{"className":"경제","id":"C1"},{"className":"화법과 작문","id":"J1"},{"className":"Public Speaking and Presentation","id":"L"},{"className":"창의적 디자인I","id":"C2"}]},{"name":"이정훈(2반)","id":"20211","data":[{"className":"AP미적분학I","id":"A"},{"className":"AP일반물리학I","id":"C"},{"className":"AP일반화학I","id":"B"},{"className":"확률과통계","id":"H"},{"className":"생활속의 데이터분석","id":"F"},{"className":"과학문명사","id":"J"},{"className":"사회문제와 인문학적상상력","id":"G"},{"className":"경제","id":"D1"},{"className":"문학","id":"K"},{"className":"영미문화탐구","id":"D2"},{"className":"창의적 디자인I","id":"M"},{"className":"생활스포츠","id":"L1"}]},{"name":"이진서","id":"20212","data":[{"className":"AP미적분학I","id":"B"},{"className":"AP일반물리학I","id":"D"},{"className":"AP일반화학I","id":"A"},{"className":"확률과통계","id":"H"},{"className":"생활속의 데이터분석","id":"F"},{"className":"과학문명사","id":"J"},{"className":"사회문제와 인문학적상상력","id":"G"},{"className":"경제","id":"K"},{"className":"화법과 작문","id":"L"},{"className":"Public Speaking and Presentation","id":"M"},{"className":"창의적 디자인I","id":"C1"}]},{"name":"정태한","id":"20213","data":[{"className":"AP미적분학I","id":"D"},{"className":"AP프로그래밍과문제해결","id":"B"},{"className":"확률과통계","id":"F"},{"className":"생활속의 데이터분석","id":"G"},{"className":"일반생명과학 I","id":"E"},{"className":"인공지능과 미래사회","id":"J"},{"className":"미래 주제탐구","id":"H"},{"className":"경제","id":"C2"},{"className":"화법과 작문","id":"L"},{"className":"Public Speaking and Presentation","id":"K"},{"className":"생명과학실험 I","id":"A1"},{"className":"창의적 디자인I","id":"C1"}]},{"name":"정환규","id":"20214","data":[{"className":"AP미적분학I","id":"B"},{"className":"AP일반물리학I","id":"C"},{"className":"AP프로그래밍과문제해결","id":"A"},{"className":"확률과통계","id":"G"},{"className":"생활속의 데이터분석","id":"F"},{"className":"인공지능과 미래사회","id":"H"},{"className":"과학문명사","id":"J"},{"className":"경제","id":"K"},{"className":"화법과 작문","id":"D1"},{"className":"Public Speaking and Presentation","id":"L"},{"className":"창의적 디자인I","id":"M"}]},{"name":"최지안","id":"20215","data":[{"className":"AP미적분학I","id":"D"},{"className":"AP일반물리학I","id":"A"},{"className":"AP프로그래밍과문제해결","id":"B"},{"className":"확률과통계","id":"G"},{"className":"생활속의 데이터분석","id":"F"},{"className":"인공지능과 미래사회","id":"J"},{"className":"생활속의 공학","id":"H"},{"className":"경제","id":"C2"},{"className":"화법과 작문","id":"L"},{"className":"Public Speaking and Presentation","id":"K"},{"className":"창의적 디자인I","id":"C1"}]},{"name":"추건우","id":"20216","data":[{"className":"AP미적분학I","id":"B"},{"className":"AP일반물리학I","id":"D"},{"className":"AP프로그래밍과문제해결","id":"A"},{"className":"확률과통계","id":"E"},{"className":"생활속의 데이터분석","id":"J"},{"className":"인공지능과 미래사회","id":"H"},{"className":"생활속의 공학","id":"G"},{"className":"경제","id":"C1"},{"className":"화법과 작문","id":"L"},{"className":"Public Speaking and Presentation","id":"M"},{"className":"창의적 디자인I","id":"C2"}]},{"name":"김윤영","id":"20301","data":[{"className":"AP미적분학I","id":"C"},{"className":"AP일반물리학I","id":"B"},{"className":"확률과통계","id":"G"},{"className":"생활속의 데이터분석","id":"J"},{"className":"일반생명과학 I","id":"E"},{"className":"미래 주제탐구","id":"H"},{"className":"사회문제와 인문학적상상력","id":"F"},{"className":"경제","id":"K"},{"className":"화법과 작문","id":"D1"},{"className":"영미문화탐구","id":"D2"},{"className":"생명과학실험 I","id":"A1"},{"className":"창의적 디자인I","id":"M"}]},{"name":"이성현","id":"20302","data":[{"className":"AP미적분학I","id":"B"},{"className":"AP일반화학I","id":"A"},{"className":"확률과통계","id":"F"},{"className":"생활속의 데이터분석","id":"E"},{"className":"일반생명과학 I","id":"H"},{"className":"과학문명사","id":"J"},{"className":"사회문제와 인문학적상상력","id":"G"},{"className":"경제","id":"D1"},{"className":"문학","id":"K"},{"className":"영미문화탐구","id":"D2"},{"className":"창의적 디자인I","id":"C1"}]},{"name":"이수정","id":"20303","data":[{"className":"AP미적분학I","id":"C"},{"className":"AP일반물리학I","id":"B"},{"className":"AP일반화학I","id":"A"},{"className":"확률과통계","id":"H"},{"className":"생활속의 데이터분석","id":"E"},{"className":"과학문명사","id":"J"},{"className":"사회문제와 인문학적상상력","id":"G"},{"className":"경제","id":"K"},{"className":"화법과 작문","id":"D1"},{"className":"영미문화탐구","id":"D2"},{"className":"창의적 디자인I","id":"M"},{"className":"생활스포츠","id":"L1"}]},{"name":"권담","id":"20304","data":[{"className":"AP미적분학I","id":"C"},{"className":"AP일반물리학I","id":"A"},{"className":"AP일반화학I","id":"B"},{"className":"확률과통계","id":"F"},{"className":"생활속의 데이터분석","id":"J"},{"className":"생활속의 공학","id":"G"},{"className":"사회문제와 인문학적상상력","id":"E"},{"className":"경제","id":"K"},{"className":"화법과 작문","id":"M"},{"className":"Public Speaking and Presentation","id":"L"},{"className":"창의적 디자인I","id":"D2"}]},{"name":"김명희","id":"20305","data":[{"className":"AP미적분학I","id":"D"},{"className":"AP일반물리학I","id":"A"},{"className":"AP일반화학I","id":"B"},{"className":"확률과통계","id":"G"},{"className":"생활속의 데이터분석","id":"E"},{"className":"미래 주제탐구","id":"H"},{"className":"사회문제와 인문학적상상력","id":"F"},{"className":"경제","id":"C2"},{"className":"화법과 작문","id":"J1"},{"className":"Public Speaking and Presentation","id":"K"},{"className":"AP일반물리학실험I","id":"L"},{"className":"창의적 디자인I","id":"C1"}]},{"name":"김태윤","id":"20306","data":[{"className":"AP미적분학I","id":"D"},{"className":"AP일반물리학I","id":"A"},{"className":"AP일반화학I","id":"B"},{"className":"확률과통계","id":"H"},{"className":"생활속의 데이터분석","id":"F"},{"className":"과학문명사","id":"J"},{"className":"사회문제와 인문학적상상력","id":"E"},{"className":"경제","id":"C1"},{"className":"화법과 작문","id":"M"},{"className":"Public Speaking and Presentation","id":"K"},{"className":"AP일반물리학실험I","id":"L"},{"className":"창의적 디자인I","id":"C2"}]},{"name":"박찬웅","id":"20307","data":[{"className":"AP미적분학I","id":"D"},{"className":"AP일반물리학I","id":"A"},{"className":"AP일반화학I","id":"B"},{"className":"확률과통계","id":"G"},{"className":"생활속의 데이터분석","id":"F"},{"className":"인공지능과 미래사회","id":"H"},{"className":"과학문명사","id":"J"},{"className":"경제","id":"C1"},{"className":"화법과 작문","id":"L"},{"className":"Public Speaking and Presentation","id":"M"},{"className":"창의적 디자인I","id":"C2"},{"className":"생활스포츠","id":"K1"}]},{"name":"백강우","id":"20308","data":[{"className":"AP미적분학I","id":"A"},{"className":"AP일반물리학I","id":"D"},{"className":"AP프로그래밍과문제해결","id":"B"},{"className":"확률과통계","id":"E"},{"className":"생활속의 데이터분석","id":"G"},{"className":"인공지능과 미래사회","id":"F"},{"className":"생활속의 공학","id":"H"},{"className":"경제","id":"C2"},{"className":"화법과 작문","id":"M"},{"className":"영미문화탐구","id":"J1"},{"className":"창의적 디자인I","id":"C1"},{"className":"생활스포츠","id":"K1"}]},{"name":"오세훈","id":"20309","data":[{"className":"AP미적분학I","id":"A"},{"className":"AP일반물리학I","id":"B"},{"className":"확률과통계","id":"G"},{"className":"생활속의 데이터분석","id":"J"},{"className":"일반생명과학 I","id":"E"},{"className":"인공지능과 미래사회","id":"H"},{"className":"사회문제와 인문학적상상력","id":"F"},{"className":"경제","id":"C2"},{"className":"문학","id":"K"},{"className":"영미문화탐구","id":"D2"},{"className":"창의적 디자인I","id":"M"},{"className":"생활스포츠","id":"L1"}]},{"name":"이도훈","id":"20310","data":[{"className":"AP미적분학I","id":"B"},{"className":"AP일반물리학I","id":"D"},{"className":"AP프로그래밍과문제해결","id":"A"},{"className":"확률과통계","id":"E"},{"className":"생활속의 데이터분석","id":"G"},{"className":"인공지능과 미래사회","id":"H"},{"className":"사회문제와 인문학적상상력","id":"F"},{"className":"경제","id":"C2"},{"className":"문학","id":"K"},{"className":"영미문화탐구","id":"J1"},{"className":"AP일반물리학실험I","id":"L"},{"className":"창의적 디자인I","id":"M"}]},{"name":"이승환","id":"20311","data":[{"className":"AP미적분학I","id":"D"},{"className":"AP일반물리학I","id":"A"},{"className":"확률과통계","id":"F"},{"className":"생활속의 데이터분석","id":"J"},{"className":"일반생명과학 I","id":"H"},{"className":"생활속의 공학","id":"G"},{"className":"사회문제와 인문학적상상력","id":"E"},{"className":"경제","id":"C1"},{"className":"화법과 작문","id":"L"},{"className":"Public Speaking and Presentation","id":"M"},{"className":"창의적 디자인I","id":"C2"},{"className":"생활스포츠","id":"K1"}]},{"name":"임유현","id":"20312","data":[{"className":"AP미적분학I","id":"A"},{"className":"AP일반물리학I","id":"D"},{"className":"AP일반화학I","id":"B"},{"className":"확률과통계","id":"E"},{"className":"생활속의 데이터분석","id":"F"},{"className":"인공지능과 미래사회","id":"H"},{"className":"생활속의 공학","id":"G"},{"className":"경제","id":"C2"},{"className":"화법과 작문","id":"J1"},{"className":"Public Speaking and Presentation","id":"K"},{"className":"AP일반물리학실험I","id":"L"},{"className":"창의적 디자인I","id":"M"}]},{"name":"정하영","id":"20313","data":[{"className":"AP미적분학I","id":"D"},{"className":"AP일반물리학I","id":"A"},{"className":"AP프로그래밍과문제해결","id":"B"},{"className":"확률과통계","id":"E"},{"className":"생활속의 데이터분석","id":"F"},{"className":"인공지능과 미래사회","id":"H"},{"className":"사회문제와 인문학적상상력","id":"G"},{"className":"경제","id":"C1"},{"className":"화법과 작문","id":"M"},{"className":"영미문화탐구","id":"J1"},{"className":"창의적 디자인I","id":"C2"},{"className":"생활스포츠","id":"K1"}]},{"name":"진민규","id":"20314","data":[{"className":"AP미적분학I","id":"A"},{"className":"AP일반물리학I","id":"D"},{"className":"AP프로그래밍과문제해결","id":"B"},{"className":"확률과통계","id":"H"},{"className":"생활속의 데이터분석","id":"E"},{"className":"인공지능과 미래사회","id":"F"},{"className":"사회문제와 인문학적상상력","id":"G"},{"className":"경제","id":"C1"},{"className":"화법과 작문","id":"L"},{"className":"영미문화탐구","id":"J1"},{"className":"창의적 디자인I","id":"C2"},{"className":"생활스포츠","id":"K1"}]},{"name":"채의헌","id":"20315","data":[{"className":"AP미적분학I","id":"A"},{"className":"AP일반물리학I","id":"D"},{"className":"AP프로그래밍과문제해결","id":"B"},{"className":"확률과통계","id":"F"},{"className":"생활속의 데이터분석","id":"E"},{"className":"인공지능과 미래사회","id":"J"},{"className":"생활속의 공학","id":"H"},{"className":"경제","id":"C1"},{"className":"화법과 작문","id":"M"},{"className":"Public Speaking and Presentation","id":"K"},{"className":"창의적 디자인I","id":"C2"},{"className":"생활스포츠","id":"L1"}]},{"name":"최상욱","id":"20316","data":[{"className":"AP미적분학I","id":"D"},{"className":"AP일반물리학I","id":"B"},{"className":"AP일반화학I","id":"A"},{"className":"확률과통계","id":"F"},{"className":"생활속의 데이터분석","id":"E"},{"className":"인공지능과 미래사회","id":"H"},{"className":"생활속의 공학","id":"G"},{"className":"경제","id":"C2"},{"className":"화법과 작문","id":"J1"},{"className":"Public Speaking and Presentation","id":"K"},{"className":"AP일반물리학실험I","id":"L"},{"className":"창의적 디자인I","id":"C1"}]},{"name":"강은혜","id":"20401","data":[{"className":"AP미적분학I","id":"B"},{"className":"AP일반물리학I","id":"D"},{"className":"확률과통계","id":"G"},{"className":"생활속의 데이터분석","id":"J"},{"className":"일반생명과학 I","id":"E"},{"className":"인공지능과 미래사회","id":"H"},{"className":"사회문제와 인문학적상상력","id":"F"},{"className":"경제","id":"C1"},{"className":"화법과 작문","id":"L"},{"className":"Public Speaking and Presentation","id":"K"},{"className":"생명과학실험 I","id":"A1"},{"className":"창의적 디자인I","id":"C2"}]},{"name":"김서희","id":"20402","data":[{"className":"AP미적분학I","id":"A"},{"className":"AP일반물리학I","id":"D"},{"className":"AP일반화학I","id":"B"},{"className":"확률과통계","id":"G"},{"className":"생활속의 데이터분석","id":"J"},{"className":"미래 주제탐구","id":"H"},{"className":"사회문제와 인문학적상상력","id":"F"},{"className":"경제","id":"C2"},{"className":"화법과 작문","id":"L"},{"className":"Public Speaking and Presentation","id":"M"},{"className":"창의적 디자인I","id":"C1"}]},{"name":"임가은","id":"20403","data":[{"className":"AP미적분학I","id":"B"},{"className":"AP일반물리학I","id":"C"},{"className":"AP프로그래밍과문제해결","id":"A"},{"className":"확률과통계","id":"H"},{"className":"생활속의 데이터분석","id":"G"},{"className":"인공지능과 미래사회","id":"F"},{"className":"사회문제와 인문학적상상력","id":"E"},{"className":"경제","id":"D1"},{"className":"문학","id":"K"},{"className":"영미문화탐구","id":"J1"},{"className":"AP일반물리학실험I","id":"L"},{"className":"창의적 디자인I","id":"D2"}]},{"name":"김규민","id":"20404","data":[{"className":"AP미적분학I","id":"A"},{"className":"AP일반물리학I","id":"D"},{"className":"AP프로그래밍과문제해결","id":"B"},{"className":"확률과통계","id":"E"},{"className":"생활속의 데이터분석","id":"J"},{"className":"인공지능과 미래사회","id":"H"},{"className":"사회문제와 인문학적상상력","id":"G"},{"className":"경제","id":"C1"},{"className":"화법과 작문","id":"L"},{"className":"Public Speaking and Presentation","id":"M"},{"className":"창의적 디자인I","id":"C2"},{"className":"생활스포츠","id":"K1"}]},{"name":"김정원","id":"20405","data":[{"className":"AP미적분학I","id":"C"},{"className":"AP일반물리학I","id":"B"},{"className":"AP일반화학I","id":"A"},{"className":"확률과통계","id":"E"},{"className":"생활속의 데이터분석","id":"G"},{"className":"인공지능과 미래사회","id":"J"},{"className":"생활속의 공학","id":"H"},{"className":"경제","id":"D1"},{"className":"화법과 작문","id":"M"},{"className":"Public Speaking and Presentation","id":"K"},{"className":"AP일반화학실험I","id":"L"},{"className":"창의적 디자인I","id":"D2"}]},{"name":"김헌규","id":"20406","data":[{"className":"AP미적분학I","id":"C"},{"className":"AP일반물리학I","id":"B"},{"className":"AP프로그래밍과문제해결","id":"A"},{"className":"확률과통계","id":"H"},{"className":"생활속의 데이터분석","id":"G"},{"className":"인공지능과 미래사회","id":"F"},{"className":"사회문제와 인문학적상상력","id":"E"},{"className":"경제","id":"D1"},{"className":"화법과 작문","id":"J1"},{"className":"Public Speaking and Presentation","id":"L"},{"className":"창의적 디자인I","id":"D2"},{"className":"생활스포츠","id":"K1"}]},{"name":"김현도","id":"20407","data":[{"className":"AP미적분학I","id":"B"},{"className":"AP일반물리학I","id":"C"},{"className":"AP일반화학I","id":"A"},{"className":"확률과통계","id":"G"},{"className":"생활속의 데이터분석","id":"J"},{"className":"생활속의 공학","id":"H"},{"className":"사회문제와 인문학적상상력","id":"F"},{"className":"경제","id":"K"},{"className":"화법과 작문","id":"D1"},{"className":"Public Speaking and Presentation","id":"M"},{"className":"AP일반물리학실험I","id":"L"},{"className":"창의적 디자인I","id":"D2"}]},{"name":"민승희","id":"20408","data":[{"className":"AP미적분학I","id":"B"},{"className":"AP일반물리학I","id":"C"},{"className":"AP프로그래밍과문제해결","id":"A"},{"className":"확률과통계","id":"G"},{"className":"생활속의 데이터분석","id":"E"},{"className":"인공지능과 미래사회","id":"H"},{"className":"사회문제와 인문학적상상력","id":"F"},{"className":"경제","id":"D1"},{"className":"화법과 작문","id":"J1"},{"className":"Public Speaking and Presentation","id":"L"},{"className":"창의적 디자인I","id":"M"},{"className":"생활스포츠","id":"K1"}]},{"name":"박진우","id":"20409","data":[{"className":"AP미적분학I","id":"C"},{"className":"AP일반물리학I","id":"B"},{"className":"확률과통계","id":"G"},{"className":"생활속의 데이터분석","id":"E"},{"className":"일반생명과학 I","id":"H"},{"className":"과학문명사","id":"J"},{"className":"사회문제와 인문학적상상력","id":"F"},{"className":"경제","id":"K"},{"className":"화법과 작문","id":"D1"},{"className":"영미문화탐구","id":"D2"},{"className":"창의적 디자인I","id":"M"},{"className":"생활스포츠","id":"L1"}]},{"name":"소재인","id":"20410","data":[{"className":"AP미적분학I","id":"D"},{"className":"AP일반물리학I","id":"A"},{"className":"AP프로그래밍과문제해결","id":"B"},{"className":"확률과통계","id":"H"},{"className":"생활속의 데이터분석","id":"E"},{"className":"인공지능과 미래사회","id":"F"},{"className":"사회문제와 인문학적상상력","id":"G"},{"className":"경제","id":"C1"},{"className":"화법과 작문","id":"M"},{"className":"영미문화탐구","id":"J1"},{"className":"창의적 디자인I","id":"C2"}]},{"name":"유동근","id":"20411","data":[{"className":"AP미적분학I","id":"D"},{"className":"AP일반물리학I","id":"A"},{"className":"AP일반화학I","id":"B"},{"className":"확률과통계","id":"E"},{"className":"생활속의 데이터분석","id":"G"},{"className":"인공지능과 미래사회","id":"F"},{"className":"생활속의 공학","id":"H"},{"className":"경제","id":"K"},{"className":"화법과 작문","id":"M"},{"className":"영미문화탐구","id":"J1"},{"className":"창의적 디자인I","id":"C1"},{"className":"생활스포츠","id":"L1"}]},{"name":"윤재영","id":"20412","data":[{"className":"AP미적분학I","id":"C"},{"className":"AP일반화학I","id":"B"},{"className":"확률과통계","id":"H"},{"className":"생활속의 데이터분석","id":"F"},{"className":"일반생명과학 I","id":"E"},{"className":"인공지능과 미래사회","id":"J"},{"className":"사회문제와 인문학적상상력","id":"G"},{"className":"경제","id":"D1"},{"className":"문학","id":"K"},{"className":"영미문화탐구","id":"D2"},{"className":"생명과학실험 I","id":"A1"},{"className":"창의적 디자인I","id":"M"},{"className":"생활스포츠","id":"L1"}]},{"name":"이정훈(4반)","id":"20413","data":[{"className":"AP미적분학I","id":"C"},{"className":"AP일반물리학I","id":"A"},{"className":"확률과통계","id":"F"},{"className":"생활속의 데이터분석","id":"G"},{"className":"일반생명과학 I","id":"E"},{"className":"미래 주제탐구","id":"H"},{"className":"과학문명사","id":"J"},{"className":"경제","id":"K"},{"className":"화법과 작문","id":"D1"},{"className":"Public Speaking and Presentation","id":"L"},{"className":"창의적 디자인I","id":"M"}]},{"name":"정유호","id":"20414","data":[{"className":"AP미적분학I","id":"B"},{"className":"AP일반물리학I","id":"C"},{"className":"AP일반화학I","id":"A"},{"className":"확률과통계","id":"G"},{"className":"생활속의 데이터분석","id":"F"},{"className":"미래 주제탐구","id":"H"},{"className":"사회문제와 인문학적상상력","id":"E"},{"className":"경제","id":"K"},{"className":"화법과 작문","id":"J1"},{"className":"Public Speaking and Presentation","id":"M"},{"className":"창의적 디자인I","id":"D2"},{"className":"생활스포츠","id":"L1"}]},{"name":"조민준","id":"20415","data":[{"className":"AP미적분학I","id":"A"},{"className":"AP일반물리학I","id":"D"},{"className":"AP일반화학I","id":"B"},{"className":"확률과통계","id":"G"},{"className":"생활속의 데이터분석","id":"F"},{"className":"미래 주제탐구","id":"H"},{"className":"과학문명사","id":"J"},{"className":"경제","id":"C2"},{"className":"화법과 작문","id":"M"},{"className":"Public Speaking and Presentation","id":"K"},{"className":"AP일반화학실험I","id":"L"},{"className":"창의적 디자인I","id":"C1"}]},{"name":"조성희","id":"20416","data":[{"className":"AP미적분학I","id":"A"},{"className":"AP일반화학I","id":"B"},{"className":"확률과통계","id":"F"},{"className":"생활속의 데이터분석","id":"E"},{"className":"일반생명과학 I","id":"H"},{"className":"과학문명사","id":"J"},{"className":"사회문제와 인문학적상상력","id":"G"},{"className":"경제","id":"C2"},{"className":"화법과 작문","id":"D1"},{"className":"영미문화탐구","id":"D2"},{"className":"AP일반화학실험I","id":"L"},{"className":"창의적 디자인I","id":"C1"}]},{"name":"이소민","id":"20501","data":[{"className":"AP미적분학I","id":"C"},{"className":"AP일반화학I","id":"A"},{"className":"확률과통계","id":"G"},{"className":"생활속의 데이터분석","id":"E"},{"className":"일반생명과학 I","id":"H"},{"className":"과학문명사","id":"J"},{"className":"사회문제와 인문학적상상력","id":"F"},{"className":"경제","id":"K"},{"className":"화법과 작문","id":"D1"},{"className":"Public Speaking and Presentation","id":"L"},{"className":"창의적 디자인I","id":"M"}]},{"name":"최예림","id":"20502","data":[{"className":"AP미적분학I","id":"A"},{"className":"AP프로그래밍과문제해결","id":"B"},{"className":"확률과통계","id":"E"},{"className":"생활속의 데이터분석","id":"J"},{"className":"일반생명과학 I","id":"H"},{"className":"생활속의 공학","id":"G"},{"className":"사회문제와 인문학적상상력","id":"F"},{"className":"경제","id":"C1"},{"className":"화법과 작문","id":"D1"},{"className":"영미문화탐구","id":"D2"},{"className":"창의적 디자인I","id":"C2"},{"className":"생활스포츠","id":"L1"}]},{"name":"최은정","id":"20503","data":[{"className":"AP미적분학I","id":"C"},{"className":"AP일반물리학I","id":"B"},{"className":"AP일반화학I","id":"A"},{"className":"확률과통계","id":"H"},{"className":"생활속의 데이터분석","id":"J"},{"className":"인공지능과 미래사회","id":"F"},{"className":"사회문제와 인문학적상상력","id":"E"},{"className":"경제","id":"D1"},{"className":"문학","id":"K"},{"className":"Public Speaking and Presentation","id":"M"},{"className":"창의적 디자인I","id":"D2"},{"className":"생활스포츠","id":"L1"}]},{"name":"강현빈","id":"20504","data":[{"className":"AP미적분학I","id":"B"},{"className":"AP일반물리학I","id":"C"},{"className":"AP프로그래밍과문제해결","id":"A"},{"className":"확률과통계","id":"H"},{"className":"생활속의 데이터분석","id":"G"},{"className":"인공지능과 미래사회","id":"F"},{"className":"사회문제와 인문학적상상력","id":"E"},{"className":"경제","id":"D1"},{"className":"화법과 작문","id":"J1"},{"className":"Public Speaking and Presentation","id":"L"},{"className":"창의적 디자인I","id":"D2"}]},{"name":"김민혁","id":"20505","data":[{"className":"AP미적분학I","id":"D"},{"className":"AP일반물리학I","id":"A"},{"className":"AP일반화학I","id":"B"},{"className":"확률과통계","id":"F"},{"className":"생활속의 데이터분석","id":"E"},{"className":"인공지능과 미래사회","id":"H"},{"className":"사회문제와 인문학적상상력","id":"G"},{"className":"경제","id":"C2"},{"className":"화법과 작문","id":"J1"},{"className":"Public Speaking and Presentation","id":"K"},{"className":"AP일반화학실험I","id":"L"},{"className":"창의적 디자인I","id":"C1"}]},{"name":"김인식","id":"20506","data":[{"className":"AP미적분학I","id":"B"},{"className":"AP일반화학I","id":"A"},{"className":"확률과통계","id":"E"},{"className":"생활속의 데이터분석","id":"F"},{"className":"일반생명과학 I","id":"H"},{"className":"인공지능과 미래사회","id":"J"},{"className":"생활속의 공학","id":"G"},{"className":"경제","id":"C2"},{"className":"문학","id":"K"},{"className":"영미문화탐구","id":"D2"},{"className":"AP일반화학실험I","id":"L"},{"className":"창의적 디자인I","id":"C1"}]},{"name":"문정호","id":"20507","data":[{"className":"AP미적분학I","id":"C"},{"className":"AP일반물리학I","id":"A"},{"className":"AP일반화학I","id":"B"},{"className":"확률과통계","id":"G"},{"className":"생활속의 데이터분석","id":"F"},{"className":"생활속의 공학","id":"H"},{"className":"사회문제와 인문학적상상력","id":"E"},{"className":"경제","id":"D1"},{"className":"화법과 작문","id":"J1"},{"className":"Public Speaking and Presentation","id":"K"},{"className":"창의적 디자인I","id":"M"},{"className":"생활스포츠","id":"L1"}]},{"name":"문하민","id":"20508","data":[{"className":"AP미적분학I","id":"D"},{"className":"AP일반물리학I","id":"A"},{"className":"AP프로그래밍과문제해결","id":"B"},{"className":"확률과통계","id":"H"},{"className":"생활속의 데이터분석","id":"J"},{"className":"인공지능과 미래사회","id":"F"},{"className":"사회문제와 인문학적상상력","id":"E"},{"className":"경제","id":"C1"},{"className":"화법과 작문","id":"L"},{"className":"Public Speaking and Presentation","id":"M"},{"className":"창의적 디자인I","id":"C2"},{"className":"생활스포츠","id":"K1"}]},{"name":"서재원","id":"20509","data":[{"className":"AP미적분학I","id":"B"},{"className":"AP일반물리학I","id":"C"},{"className":"AP일반화학I","id":"A"},{"className":"확률과통계","id":"F"},{"className":"생활속의 데이터분석","id":"J"},{"className":"미래 주제탐구","id":"H"},{"className":"사회문제와 인문학적상상력","id":"E"},{"className":"경제","id":"D1"},{"className":"화법과 작문","id":"L"},{"className":"Public Speaking and Presentation","id":"M"},{"className":"창의적 디자인I","id":"D2"}]},{"name":"신연우","id":"20510","data":[{"className":"AP미적분학I","id":"D"},{"className":"AP일반물리학I","id":"B"},{"className":"확률과통계","id":"G"},{"className":"생활속의 데이터분석","id":"J"},{"className":"일반생명과학 I","id":"E"},{"className":"생활속의 공학","id":"H"},{"className":"사회문제와 인문학적상상력","id":"F"},{"className":"경제","id":"C1"},{"className":"화법과 작문","id":"M"},{"className":"Public Speaking and Presentation","id":"L"},{"className":"창의적 디자인I","id":"C2"},{"className":"생활스포츠","id":"K1"}]},{"name":"유태현","id":"20511","data":[{"className":"AP미적분학I","id":"D"},{"className":"AP일반물리학I","id":"B"},{"className":"AP일반화학I","id":"A"},{"className":"확률과통계","id":"F"},{"className":"생활속의 데이터분석","id":"G"},{"className":"인공지능과 미래사회","id":"H"},{"className":"과학문명사","id":"J"},{"className":"경제","id":"C2"},{"className":"문학","id":"K"},{"className":"Public Speaking and Presentation","id":"M"},{"className":"AP일반물리학실험I","id":"L"},{"className":"창의적 디자인I","id":"C1"}]},{"name":"이승민","id":"20512","data":[{"className":"AP미적분학I","id":"D"},{"className":"AP일반물리학I","id":"A"},{"className":"AP프로그래밍과문제해결","id":"B"},{"className":"확률과통계","id":"E"},{"className":"생활속의 데이터분석","id":"F"},{"className":"인공지능과 미래사회","id":"H"},{"className":"생활속의 공학","id":"G"},{"className":"경제","id":"C1"},{"className":"화법과 작문","id":"M"},{"className":"영미문화탐구","id":"J1"},{"className":"창의적 디자인I","id":"C2"},{"className":"생활스포츠","id":"K1"}]},{"name":"이주영","id":"20513","data":[{"className":"AP미적분학I","id":"B"},{"className":"AP일반물리학I","id":"C"},{"className":"AP프로그래밍과문제해결","id":"A"},{"className":"확률과통계","id":"G"},{"className":"생활속의 데이터분석","id":"E"},{"className":"인공지능과 미래사회","id":"H"},{"className":"과학문명사","id":"J"},{"className":"경제","id":"K"},{"className":"화법과 작문","id":"D1"},{"className":"영미문화탐구","id":"D2"},{"className":"창의적 디자인I","id":"M"},{"className":"생활스포츠","id":"L1"}]},{"name":"이주형","id":"20514","data":[{"className":"AP미적분학I","id":"C"},{"className":"AP일반물리학I","id":"B"},{"className":"AP프로그래밍과문제해결","id":"A"},{"className":"확률과통계","id":"H"},{"className":"생활속의 데이터분석","id":"E"},{"className":"인공지능과 미래사회","id":"F"},{"className":"사회문제와 인문학적상상력","id":"G"},{"className":"경제","id":"K"},{"className":"화법과 작문","id":"M"},{"className":"영미문화탐구","id":"J1"},{"className":"창의적 디자인I","id":"D2"},{"className":"생활스포츠","id":"L1"}]},{"name":"이준호","id":"20515","data":[{"className":"AP미적분학I","id":"A"},{"className":"AP일반화학I","id":"B"},{"className":"확률과통계","id":"F"},{"className":"생활속의 데이터분석","id":"J"},{"className":"일반생명과학 I","id":"E"},{"className":"미래 주제탐구","id":"H"},{"className":"생활속의 공학","id":"G"},{"className":"경제","id":"C2"},{"className":"화법과 작문","id":"D1"},{"className":"Public Speaking and Presentation","id":"L"},{"className":"창의적 디자인I","id":"M"},{"className":"생활스포츠","id":"K1"}]},{"name":"최윤호","id":"20516","data":[{"className":"AP미적분학I","id":"B"},{"className":"AP일반물리학I","id":"A"},{"className":"확률과통계","id":"F"},{"className":"생활속의 데이터분석","id":"G"},{"className":"인공지능과 미래사회","id":"J"},{"className":"생활속의 공학","id":"H"},{"className":"경제","id":"C1"},{"className":"화법과 작문","id":"D1"},{"className":"Public Speaking and Presentation","id":"M"},{"className":"AP일반물리학실험I","id":"L"},{"className":"창의적 디자인I","id":"C2"},{"className":"생활스포츠","id":"K1"}]}]}