﻿{"class":[{"id":"B1","className":"독일어","place":"외국어교과실3","day":"0","time":"0"},{"id":"B","className":"수학세미나Ⅰ","place":"수학교과실4","day":"0","time":"1"},{"id":"B","className":"창의적 글쓰기","place":"인문교과실2","day":"0","time":"1"},{"id":"B1","className":"독일어","place":"외국어교과실3","day":"0","time":"1"},{"id":"B","className":"수학세미나Ⅰ","place":"수학교과실4","day":"0","time":"2"},{"id":"B","className":"창의적 글쓰기","place":"인문교과실2","day":"0","time":"2"},{"id":"B1","className":"독일어","place":"외국어교과실3","day":"0","time":"2"},{"id":"H","className":"유기화학의 이해","place":"화학실험실1","day":"0","time":"3"},{"id":"H","className":"천문학과 천체물리학","place":"지구실험실2","day":"0","time":"3"},{"id":"H","className":"고급영어독해","place":"외국어교과실2","day":"0","time":"3"},{"id":"A1","className":"독일어","place":"외국어교과실3","day":"0","time":"4"},{"id":"A","className":"수학세미나Ⅰ","place":"수학교과실4","day":"0","time":"5"},{"id":"A","className":"물리학세미나Ⅰ","place":"수학R&E실","day":"0","time":"5"},{"id":"A1","className":"독일어","place":"외국어교과실3","day":"0","time":"5"},{"id":"A","className":"수학세미나Ⅰ","place":"수학교과실4","day":"0","time":"6"},{"id":"A","className":"물리학세미나Ⅰ","place":"수학R&E실","day":"0","time":"6"},{"id":"A1","className":"독일어","place":"외국어교과실3","day":"0","time":"6"},{"id":"G","className":"물리학세미나Ⅰ","place":"수학R&E실","day":"1","time":"0"},{"id":"G","className":"유기화학의 이해","place":"화학실험실1","day":"1","time":"0"},{"id":"G","className":"고급커뮤니케이션","place":"외국어교과실3","day":"1","time":"0"},{"id":"G","className":"창의적 글쓰기","place":"인문교과실2","day":"1","time":"0"},{"id":"G","className":"물리학세미나Ⅰ","place":"수학R&E실","day":"1","time":"1"},{"id":"G","className":"유기화학의 이해","place":"화학실험실1","day":"1","time":"1"},{"id":"G","className":"고급커뮤니케이션","place":"외국어교과실3","day":"1","time":"1"},{"id":"G","className":"창의적 글쓰기","place":"인문교과실2","day":"1","time":"1"},{"id":"D","className":"수학세미나Ⅰ","place":"수학교과실4","day":"1","time":"2"},{"id":"D","className":"고급물리학Ⅰ","place":"수학R&E실","day":"1","time":"2"},{"id":"D","className":"정보과학프로젝트Ⅰ","place":"컴퓨터실2","day":"1","time":"2"},{"id":"D1","className":"음악과테크놀로지Ⅰ","place":"음악실","day":"1","time":"2"},{"id":"D","className":"수학세미나Ⅰ","place":"수학교과실4","day":"1","time":"3"},{"id":"D","className":"고급물리학Ⅰ","place":"수학R&E실","day":"1","time":"3"},{"id":"D","className":"정보과학프로젝트Ⅰ","place":"컴퓨터실2","day":"1","time":"3"},{"id":"D1","className":"음악과테크놀로지Ⅰ","place":"음악실","day":"1","time":"3"},{"id":"B","className":"수학세미나Ⅰ","place":"수학교과실4","day":"1","time":"4"},{"id":"B","className":"창의적 글쓰기","place":"인문교과실2","day":"1","time":"4"},{"id":"E","className":"선형대수학","place":"수학교과실5","day":"1","time":"5"},{"id":"E","className":"화학세미나Ⅰ","place":"수학R&E실","day":"1","time":"5"},{"id":"E","className":"생물학세미나Ⅰ","place":"생물교과실","day":"1","time":"5"},{"id":"E","className":"고급영어독해","place":"외국어교과실3","day":"1","time":"5"},{"id":"E1","className":"음악과테크놀로지Ⅰ","place":"음악실","day":"1","time":"5"},{"id":"E","className":"선형대수학","place":"수학교과실5","day":"1","time":"6"},{"id":"E","className":"화학세미나Ⅰ","place":"수학R&E실","day":"1","time":"6"},{"id":"E","className":"생물학세미나Ⅰ","place":"생물교과실","day":"1","time":"6"},{"id":"E","className":"고급영어독해","place":"외국어교과실3","day":"1","time":"6"},{"id":"E1","className":"음악과테크놀로지Ⅰ","place":"음악실","day":"1","time":"6"},{"id":"J","className":"창의적 글쓰기","place":"인문교과실2","day":"2","time":"0"},{"id":"J1","className":"독일어","place":"수학교과실4","day":"2","time":"0"},{"id":"J1","className":"일본어","place":"수학교과실5","day":"2","time":"0"},{"id":"J1","className":"중국어","place":"외국어교과실3","day":"2","time":"0"},{"id":"J","className":"창의적 글쓰기","place":"인문교과실2","day":"2","time":"1"},{"id":"J1","className":"독일어","place":"수학교과실4","day":"2","time":"1"},{"id":"J1","className":"일본어","place":"수학교과실5","day":"2","time":"1"},{"id":"J1","className":"중국어","place":"외국어교과실3","day":"2","time":"1"},{"id":"J1","className":"독일어","place":"수학교과실4","day":"2","time":"2"},{"id":"J1","className":"일본어","place":"수학교과실5","day":"2","time":"2"},{"id":"J1","className":"중국어","place":"외국어교과실3","day":"2","time":"2"},{"id":"C","className":"수학세미나Ⅰ","place":"수학교과실4","day":"2","time":"3"},{"id":"C","className":"선형대수학","place":"수학교과실5","day":"2","time":"3"},{"id":"C","className":"창의적 글쓰기","place":"인문교과실2","day":"2","time":"3"},{"id":"G","className":"물리학세미나Ⅰ","place":"수학R&E실","day":"2","time":"4"},{"id":"G","className":"유기화학의 이해","place":"화학실험실1","day":"2","time":"4"},{"id":"G","className":"고급커뮤니케이션","place":"외국어교과실3","day":"2","time":"4"},{"id":"G","className":"창의적 글쓰기","place":"인문교과실2","day":"2","time":"4"},{"id":"J","className":"창의적 글쓰기","place":"인문교과실2","day":"3","time":"0"},{"id":"A","className":"수학세미나Ⅰ","place":"수학교과실4","day":"3","time":"1"},{"id":"A","className":"물리학세미나Ⅰ","place":"수학R&E실","day":"3","time":"1"},{"id":"F","className":"선형대수학","place":"수학교과실5","day":"3","time":"2"},{"id":"F","className":"물리학세미나Ⅰ","place":"수학R&E실","day":"3","time":"2"},{"id":"F","className":"화학세미나Ⅰ","place":"화학실험실1","day":"3","time":"2"},{"id":"F","className":"세포생물학","place":"생물실험실1","day":"3","time":"2"},{"id":"F","className":"선형대수학","place":"수학교과실5","day":"3","time":"3"},{"id":"F","className":"물리학세미나Ⅰ","place":"수학R&E실","day":"3","time":"3"},{"id":"F","className":"화학세미나Ⅰ","place":"화학실험실1","day":"3","time":"3"},{"id":"F","className":"세포생물학","place":"생물실험실1","day":"3","time":"3"},{"id":"D","className":"수학세미나Ⅰ","place":"수학교과실4","day":"3","time":"4"},{"id":"D","className":"고급물리학Ⅰ","place":"수학R&E실","day":"3","time":"4"},{"id":"D","className":"정보과학프로젝트Ⅰ","place":"컴퓨터실2","day":"3","time":"4"},{"id":"C","className":"수학세미나Ⅰ","place":"수학교과실4","day":"3","time":"5"},{"id":"C","className":"선형대수학","place":"수학교과실5","day":"3","time":"5"},{"id":"C","className":"창의적 글쓰기","place":"인문교과실1","day":"3","time":"5"},{"id":"C","className":"수학세미나Ⅰ","place":"수학교과실4","day":"3","time":"6"},{"id":"C","className":"선형대수학","place":"수학교과실5","day":"3","time":"6"},{"id":"C","className":"창의적 글쓰기","place":"인문교과실1","day":"3","time":"6"},{"id":"H","className":"유기화학의 이해","place":"화학실험실1","day":"4","time":"0"},{"id":"H","className":"천문학과 천체물리학","place":"지구실험실2","day":"4","time":"0"},{"id":"H","className":"고급영어독해","place":"외국어교과실2","day":"4","time":"0"},{"id":"H1","className":"미술과테크놀로지Ⅰ","place":"디자인실","day":"4","time":"0"},{"id":"H","className":"유기화학의 이해","place":"화학실험실1","day":"4","time":"1"},{"id":"H","className":"천문학과 천체물리학","place":"지구실험실2","day":"4","time":"1"},{"id":"H","className":"고급영어독해","place":"외국어교과실2","day":"4","time":"1"},{"id":"H1","className":"미술과테크놀로지Ⅰ","place":"디자인실","day":"4","time":"1"},{"id":"K","className":"음악과테크놀로지Ⅰ","place":"음악실","day":"4","time":"2"},{"id":"K","className":"미술과테크놀로지Ⅰ","place":"디자인실","day":"4","time":"2"},{"id":"K","className":"음악과테크놀로지Ⅰ","place":"음악실","day":"4","time":"3"},{"id":"K","className":"미술과테크놀로지Ⅰ","place":"디자인실","day":"4","time":"3"},{"id":"F","className":"선형대수학","place":"수학교과실5","day":"4","time":"4"},{"id":"F","className":"물리학세미나Ⅰ","place":"수학R&E실","day":"4","time":"4"},{"id":"F","className":"화학세미나Ⅰ","place":"화학실험실1","day":"4","time":"4"},{"id":"F","className":"세포생물학","place":"생물교과실","day":"4","time":"4"},{"id":"E","className":"선형대수학","place":"수학교과실5","day":"4","time":"5"},{"id":"E","className":"화학세미나Ⅰ","place":"수학R&E실","day":"4","time":"5"},{"id":"E","className":"생물학세미나Ⅰ","place":"생물교과실","day":"4","time":"5"},{"id":"E","className":"고급영어독해","place":"외국어교과실3","day":"4","time":"5"}],"user":[{"name":"송지민","id":"30101","data":[{"className":"수학세미나Ⅰ","id":"D"},{"className":"선형대수학","id":"C"},{"className":"물리학세미나Ⅰ","id":"F"},{"className":"창의적 글쓰기","id":"J"},{"className":"고급영어독해","id":"E"},{"className":"독일어","id":"B1"},{"className":"미술과테크놀로지Ⅰ","id":"H1"}]},{"name":"이서진","id":"30102","data":[{"className":"수학세미나Ⅰ","id":"D"},{"className":"선형대수학","id":"E"},{"className":"물리학세미나Ⅰ","id":"A"},{"className":"창의적 글쓰기","id":"B"},{"className":"고급커뮤니케이션","id":"G"},{"className":"중국어","id":"J1"},{"className":"미술과테크놀로지Ⅰ","id":"H1"}]},{"name":"김승태","id":"30103","data":[{"className":"수학세미나Ⅰ","id":"C"},{"className":"선형대수학","id":"E"},{"className":"물리학세미나Ⅰ","id":"A"},{"className":"정보과학프로젝트Ⅰ","id":"D"},{"className":"고급커뮤니케이션","id":"G"},{"className":"독일어","id":"B1"},{"className":"음악과테크놀로지Ⅰ","id":"K"}]},{"name":"김태진","id":"30104","data":[{"className":"수학세미나Ⅰ","id":"A"},{"className":"선형대수학","id":"E"},{"className":"물리학세미나Ⅰ","id":"F"},{"className":"고급물리학Ⅰ","id":"D"},{"className":"창의적 글쓰기","id":"C"},{"className":"독일어","id":"J1"},{"className":"음악과테크놀로지Ⅰ","id":"K"}]},{"name":"박정민","id":"30105","data":[{"className":"수학세미나Ⅰ","id":"C"},{"className":"선형대수학","id":"F"},{"className":"물리학세미나Ⅰ","id":"G"},{"className":"창의적 글쓰기","id":"B"},{"className":"독일어","id":"A1"},{"className":"음악과테크놀로지Ⅰ","id":"E1"}]},{"name":"성준영","id":"30106","data":[{"className":"수학세미나Ⅰ","id":"B"},{"className":"선형대수학","id":"F"},{"className":"물리학세미나Ⅰ","id":"A"},{"className":"천문학과 천체물리학","id":"H"},{"className":"창의적 글쓰기","id":"C"},{"className":"일본어","id":"J1"},{"className":"음악과테크놀로지Ⅰ","id":"E1"}]},{"name":"양윤서","id":"30107","data":[{"className":"수학세미나Ⅰ","id":"D"},{"className":"선형대수학","id":"C"},{"className":"물리학세미나Ⅰ","id":"F"},{"className":"창의적 글쓰기","id":"B"},{"className":"고급커뮤니케이션","id":"G"},{"className":"일본어","id":"J1"},{"className":"음악과테크놀로지Ⅰ","id":"E1"}]},{"name":"오륜택","id":"30108","data":[{"className":"수학세미나Ⅰ","id":"B"},{"className":"선형대수학","id":"E"},{"className":"물리학세미나Ⅰ","id":"A"},{"className":"천문학과 천체물리학","id":"H"},{"className":"창의적 글쓰기","id":"C"},{"className":"일본어","id":"J1"},{"className":"미술과테크놀로지Ⅰ","id":"K"}]},{"name":"우찬우","id":"30109","data":[{"className":"수학세미나Ⅰ","id":"D"},{"className":"선형대수학","id":"F"},{"className":"물리학세미나Ⅰ","id":"A"},{"className":"천문학과 천체물리학","id":"H"},{"className":"창의적 글쓰기","id":"C"},{"className":"중국어","id":"J1"},{"className":"음악과테크놀로지Ⅰ","id":"E1"}]},{"name":"이도훈","id":"30110","data":[{"className":"수학세미나Ⅰ","id":"C"},{"className":"선형대수학","id":"F"},{"className":"물리학세미나Ⅰ","id":"A"},{"className":"천문학과 천체물리학","id":"H"},{"className":"창의적 글쓰기","id":"G"},{"className":"중국어","id":"J1"},{"className":"음악과테크놀로지Ⅰ","id":"D1"}]},{"name":"이은석","id":"30111","data":[{"className":"수학세미나Ⅰ","id":"A"},{"className":"선형대수학","id":"C"},{"className":"물리학세미나Ⅰ","id":"G"},{"className":"고급물리학Ⅰ","id":"D"},{"className":"창의적 글쓰기","id":"B"},{"className":"고급영어독해","id":"E"},{"className":"독일어","id":"J1"},{"className":"미술과테크놀로지Ⅰ","id":"K"}]},{"name":"임서균","id":"30112","data":[{"className":"수학세미나Ⅰ","id":"A"},{"className":"선형대수학","id":"E"},{"className":"물리학세미나Ⅰ","id":"F"},{"className":"고급영어독해","id":"H"},{"className":"독일어","id":"J1"},{"className":"음악과테크놀로지Ⅰ","id":"K"}]},{"name":"조익현","id":"30113","data":[{"className":"수학세미나Ⅰ","id":"B"},{"className":"선형대수학","id":"C"},{"className":"물리학세미나Ⅰ","id":"F"},{"className":"고급물리학Ⅰ","id":"D"},{"className":"창의적 글쓰기","id":"G"},{"className":"독일어","id":"J1"},{"className":"음악과테크놀로지Ⅰ","id":"E1"}]},{"name":"최윤성","id":"30114","data":[{"className":"수학세미나Ⅰ","id":"B"},{"className":"선형대수학","id":"E"},{"className":"물리학세미나Ⅰ","id":"G"},{"className":"고급물리학Ⅰ","id":"D"},{"className":"창의적 글쓰기","id":"C"},{"className":"독일어","id":"J1"},{"className":"미술과테크놀로지Ⅰ","id":"K"}]},{"name":"최준서","id":"30115","data":[{"className":"수학세미나Ⅰ","id":"B"},{"className":"선형대수학","id":"E"},{"className":"물리학세미나Ⅰ","id":"G"},{"className":"정보과학프로젝트Ⅰ","id":"D"},{"className":"창의적 글쓰기","id":"C"},{"className":"독일어","id":"J1"},{"className":"미술과테크놀로지Ⅰ","id":"K"}]},{"name":"황수현","id":"30116","data":[{"className":"수학세미나Ⅰ","id":"B"},{"className":"선형대수학","id":"E"},{"className":"물리학세미나Ⅰ","id":"A"},{"className":"천문학과 천체물리학","id":"H"},{"className":"창의적 글쓰기","id":"C"},{"className":"중국어","id":"J1"},{"className":"미술과테크놀로지Ⅰ","id":"K"}]},{"name":"권경민","id":"30201","data":[{"className":"수학세미나Ⅰ","id":"D"},{"className":"선형대수학","id":"C"},{"className":"물리학세미나Ⅰ","id":"A"},{"className":"창의적 글쓰기","id":"B"},{"className":"고급커뮤니케이션","id":"G"},{"className":"중국어","id":"J1"},{"className":"미술과테크놀로지Ⅰ","id":"H1"}]},{"name":"김규진","id":"30202","data":[{"className":"수학세미나Ⅰ","id":"C"},{"className":"선형대수학","id":"F"},{"className":"물리학세미나Ⅰ","id":"G"},{"className":"천문학과 천체물리학","id":"H"},{"className":"창의적 글쓰기","id":"B"},{"className":"독일어","id":"A1"},{"className":"음악과테크놀로지Ⅰ","id":"E1"}]},{"name":"김동현","id":"30203","data":[{"className":"수학세미나Ⅰ","id":"C"},{"className":"물리학세미나Ⅰ","id":"F"},{"className":"천문학과 천체물리학","id":"H"},{"className":"창의적 글쓰기","id":"G"},{"className":"중국어","id":"J1"},{"className":"음악과테크놀로지Ⅰ","id":"D1"},{"className":"미술과테크놀로지Ⅰ","id":"K"}]},{"name":"김민기","id":"30204","data":[{"className":"수학세미나Ⅰ","id":"C"},{"className":"선형대수학","id":"F"},{"className":"물리학세미나Ⅰ","id":"A"},{"className":"고급물리학Ⅰ","id":"D"},{"className":"고급영어독해","id":"E"},{"className":"고급커뮤니케이션","id":"G"},{"className":"독일어","id":"B1"},{"className":"미술과테크놀로지Ⅰ","id":"H1"}]},{"name":"김민서","id":"30205","data":[{"className":"수학세미나Ⅰ","id":"D"},{"className":"선형대수학","id":"E"},{"className":"물리학세미나Ⅰ","id":"F"},{"className":"창의적 글쓰기","id":"B"},{"className":"독일어","id":"A1"},{"className":"미술과테크놀로지Ⅰ","id":"H1"}]},{"name":"성윤모","id":"30206","data":[{"className":"수학세미나Ⅰ","id":"A"},{"className":"선형대수학","id":"F"},{"className":"물리학세미나Ⅰ","id":"G"},{"className":"정보과학프로젝트Ⅰ","id":"D"},{"className":"창의적 글쓰기","id":"C"},{"className":"고급영어독해","id":"E"},{"className":"독일어","id":"B1"},{"className":"음악과테크놀로지Ⅰ","id":"K"}]},{"name":"송시원","id":"30207","data":[{"className":"수학세미나Ⅰ","id":"C"},{"className":"선형대수학","id":"E"},{"className":"물리학세미나Ⅰ","id":"F"},{"className":"고급물리학Ⅰ","id":"D"},{"className":"창의적 글쓰기","id":"G"},{"className":"중국어","id":"J1"},{"className":"음악과테크놀로지Ⅰ","id":"K"}]},{"name":"심예준","id":"30208","data":[{"className":"수학세미나Ⅰ","id":"A"},{"className":"선형대수학","id":"C"},{"className":"물리학세미나Ⅰ","id":"G"},{"className":"창의적 글쓰기","id":"J"},{"className":"고급영어독해","id":"E"},{"className":"독일어","id":"B1"},{"className":"미술과테크놀로지Ⅰ","id":"K"}]},{"name":"오준영","id":"30209","data":[{"className":"수학세미나Ⅰ","id":"C"},{"className":"선형대수학","id":"F"},{"className":"물리학세미나Ⅰ","id":"A"},{"className":"정보과학프로젝트Ⅰ","id":"D"},{"className":"창의적 글쓰기","id":"G"},{"className":"중국어","id":"J1"},{"className":"음악과테크놀로지Ⅰ","id":"E1"}]},{"name":"오준혁","id":"30210","data":[{"className":"수학세미나Ⅰ","id":"C"},{"className":"선형대수학","id":"F"},{"className":"물리학세미나Ⅰ","id":"G"},{"className":"고급영어독해","id":"E"},{"className":"독일어","id":"A1"},{"className":"음악과테크놀로지Ⅰ","id":"D1"}]},{"name":"이하신","id":"30211","data":[{"className":"수학세미나Ⅰ","id":"A"},{"className":"선형대수학","id":"E"},{"className":"물리학세미나Ⅰ","id":"F"},{"className":"정보과학프로젝트Ⅰ","id":"D"},{"className":"창의적 글쓰기","id":"C"},{"className":"독일어","id":"J1"},{"className":"음악과테크놀로지Ⅰ","id":"K"}]},{"name":"이호석","id":"30212","data":[{"className":"수학세미나Ⅰ","id":"A"},{"className":"선형대수학","id":"F"},{"className":"물리학세미나Ⅰ","id":"G"},{"className":"고급물리학Ⅰ","id":"D"},{"className":"창의적 글쓰기","id":"B"},{"className":"독일어","id":"J1"},{"className":"미술과테크놀로지Ⅰ","id":"H1"}]},{"name":"장제웅","id":"30213","data":[{"className":"수학세미나Ⅰ","id":"C"},{"className":"선형대수학","id":"F"},{"className":"물리학세미나Ⅰ","id":"A"},{"className":"정보과학프로젝트Ⅰ","id":"D"},{"className":"창의적 글쓰기","id":"G"},{"className":"중국어","id":"J1"},{"className":"미술과테크놀로지Ⅰ","id":"H1"}]},{"name":"정택준","id":"30214","data":[{"className":"수학세미나Ⅰ","id":"A"},{"className":"선형대수학","id":"E"},{"className":"물리학세미나Ⅰ","id":"F"},{"className":"고급물리학Ⅰ","id":"D"},{"className":"고급커뮤니케이션","id":"G"},{"className":"일본어","id":"J1"},{"className":"음악과테크놀로지Ⅰ","id":"K"}]},{"name":"조건우","id":"30215","data":[{"className":"수학세미나Ⅰ","id":"C"},{"className":"물리학세미나Ⅰ","id":"F"},{"className":"정보과학프로젝트Ⅰ","id":"D"},{"className":"창의적 글쓰기","id":"J"},{"className":"고급커뮤니케이션","id":"G"},{"className":"독일어","id":"A1"},{"className":"미술과테크놀로지Ⅰ","id":"H1"}]},{"name":"조형준","id":"30216","data":[{"className":"수학세미나Ⅰ","id":"A"},{"className":"선형대수학","id":"C"},{"className":"물리학세미나Ⅰ","id":"G"},{"className":"천문학과 천체물리학","id":"H"},{"className":"창의적 글쓰기","id":"J"},{"className":"독일어","id":"B1"},{"className":"음악과테크놀로지Ⅰ","id":"E1"}]},{"name":"여효련","id":"30301","data":[{"className":"수학세미나Ⅰ","id":"B"},{"className":"선형대수학","id":"F"},{"className":"물리학세미나Ⅰ","id":"A"},{"className":"창의적 글쓰기","id":"C"},{"className":"고급영어독해","id":"E"},{"className":"일본어","id":"J1"},{"className":"미술과테크놀로지Ⅰ","id":"H1"}]},{"name":"정채현","id":"30302","data":[{"className":"수학세미나Ⅰ","id":"D"},{"className":"선형대수학","id":"E"},{"className":"물리학세미나Ⅰ","id":"F"},{"className":"천문학과 천체물리학","id":"H"},{"className":"고급커뮤니케이션","id":"G"},{"className":"독일어","id":"B1"},{"className":"미술과테크놀로지Ⅰ","id":"K"}]},{"name":"김민준","id":"30303","data":[{"className":"수학세미나Ⅰ","id":"C"},{"className":"선형대수학","id":"E"},{"className":"물리학세미나Ⅰ","id":"A"},{"className":"정보과학프로젝트Ⅰ","id":"D"},{"className":"창의적 글쓰기","id":"G"},{"className":"일본어","id":"J1"},{"className":"음악과테크놀로지Ⅰ","id":"K"}]},{"name":"김주윤","id":"30304","data":[{"className":"수학세미나Ⅰ","id":"C"},{"className":"선형대수학","id":"E"},{"className":"물리학세미나Ⅰ","id":"G"},{"className":"고급물리학Ⅰ","id":"D"},{"className":"창의적 글쓰기","id":"B"},{"className":"독일어","id":"A1"},{"className":"미술과테크놀로지Ⅰ","id":"H1"}]},{"name":"김지환","id":"30305","data":[{"className":"수학세미나Ⅰ","id":"B"},{"className":"선형대수학","id":"E"},{"className":"물리학세미나Ⅰ","id":"A"},{"className":"천문학과 천체물리학","id":"H"},{"className":"창의적 글쓰기","id":"C"},{"className":"중국어","id":"J1"},{"className":"미술과테크놀로지Ⅰ","id":"K"}]},{"name":"류도훈","id":"30306","data":[{"className":"수학세미나Ⅰ","id":"A"},{"className":"선형대수학","id":"C"},{"className":"물리학세미나Ⅰ","id":"G"},{"className":"창의적 글쓰기","id":"J"},{"className":"고급영어독해","id":"E"},{"className":"독일어","id":"B1"},{"className":"미술과테크놀로지Ⅰ","id":"K"}]},{"name":"민수홍","id":"30307","data":[{"className":"수학세미나Ⅰ","id":"D"},{"className":"선형대수학","id":"C"},{"className":"화학세미나Ⅰ","id":"E"},{"className":"유기화학의 이해","id":"G"},{"className":"창의적 글쓰기","id":"B"},{"className":"중국어","id":"J1"},{"className":"미술과테크놀로지Ⅰ","id":"H1"}]},{"name":"박찬희","id":"30308","data":[{"className":"수학세미나Ⅰ","id":"A"},{"className":"선형대수학","id":"F"},{"className":"물리학세미나Ⅰ","id":"G"},{"className":"창의적 글쓰기","id":"J"},{"className":"독일어","id":"B1"},{"className":"음악과테크놀로지Ⅰ","id":"D1"}]},{"name":"소유석","id":"30309","data":[{"className":"수학세미나Ⅰ","id":"D"},{"className":"선형대수학","id":"C"},{"className":"물리학세미나Ⅰ","id":"A"},{"className":"창의적 글쓰기","id":"B"},{"className":"고급커뮤니케이션","id":"G"},{"className":"중국어","id":"J1"},{"className":"미술과테크놀로지Ⅰ","id":"H1"}]},{"name":"신재우","id":"30310","data":[{"className":"수학세미나Ⅰ","id":"A"},{"className":"선형대수학","id":"E"},{"className":"물리학세미나Ⅰ","id":"F"},{"className":"고급물리학Ⅰ","id":"D"},{"className":"창의적 글쓰기","id":"B"},{"className":"독일어","id":"J1"},{"className":"음악과테크놀로지Ⅰ","id":"K"}]},{"name":"정상현","id":"30311","data":[{"className":"수학세미나Ⅰ","id":"A"},{"className":"선형대수학","id":"E"},{"className":"물리학세미나Ⅰ","id":"F"},{"className":"정보과학프로젝트Ⅰ","id":"D"},{"className":"창의적 글쓰기","id":"B"},{"className":"독일어","id":"J1"},{"className":"음악과테크놀로지Ⅰ","id":"K"}]},{"name":"정찬호","id":"30312","data":[{"className":"수학세미나Ⅰ","id":"A"},{"className":"선형대수학","id":"C"},{"className":"물리학세미나Ⅰ","id":"F"},{"className":"천문학과 천체물리학","id":"H"},{"className":"창의적 글쓰기","id":"G"},{"className":"독일어","id":"J1"},{"className":"음악과테크놀로지Ⅰ","id":"E1"}]},{"name":"최건","id":"30313","data":[{"className":"수학세미나Ⅰ","id":"C"},{"className":"화학세미나Ⅰ","id":"F"},{"className":"유기화학의 이해","id":"H"},{"className":"창의적 글쓰기","id":"J"},{"className":"고급커뮤니케이션","id":"G"},{"className":"독일어","id":"B1"},{"className":"음악과테크놀로지Ⅰ","id":"E1"}]},{"name":"최시형","id":"30314","data":[{"className":"수학세미나Ⅰ","id":"A"},{"className":"선형대수학","id":"C"},{"className":"물리학세미나Ⅰ","id":"G"},{"className":"천문학과 천체물리학","id":"H"},{"className":"창의적 글쓰기","id":"J"},{"className":"독일어","id":"B1"},{"className":"음악과테크놀로지Ⅰ","id":"E1"}]},{"name":"최현서","id":"30315","data":[{"className":"수학세미나Ⅰ","id":"A"},{"className":"선형대수학","id":"F"},{"className":"화학세미나Ⅰ","id":"E"},{"className":"유기화학의 이해","id":"H"},{"className":"창의적 글쓰기","id":"C"},{"className":"독일어","id":"J1"},{"className":"음악과테크놀로지Ⅰ","id":"D1"}]},{"name":"서영은","id":"30401","data":[{"className":"수학세미나Ⅰ","id":"C"},{"className":"화학세미나Ⅰ","id":"F"},{"className":"유기화학의 이해","id":"G"},{"className":"창의적 글쓰기","id":"B"},{"className":"고급영어독해","id":"E"},{"className":"일본어","id":"J1"},{"className":"음악과테크놀로지Ⅰ","id":"K"}]},{"name":"조수빈","id":"30402","data":[{"className":"수학세미나Ⅰ","id":"D"},{"className":"생물학세미나Ⅰ","id":"E"},{"className":"세포생물학","id":"F"},{"className":"창의적 글쓰기","id":"G"},{"className":"고급영어독해","id":"H"},{"className":"독일어","id":"A1"},{"className":"미술과테크놀로지Ⅰ","id":"K"}]},{"name":"천은아","id":"30403","data":[{"className":"수학세미나Ⅰ","id":"A"},{"className":"선형대수학","id":"C"},{"className":"생물학세미나Ⅰ","id":"E"},{"className":"세포생물학","id":"F"},{"className":"창의적 글쓰기","id":"G"},{"className":"중국어","id":"J1"},{"className":"음악과테크놀로지Ⅰ","id":"D1"}]},{"name":"권준호","id":"30404","data":[{"className":"수학세미나Ⅰ","id":"D"},{"className":"선형대수학","id":"C"},{"className":"화학세미나Ⅰ","id":"E"},{"className":"유기화학의 이해","id":"G"},{"className":"창의적 글쓰기","id":"B"},{"className":"중국어","id":"J1"},{"className":"미술과테크놀로지Ⅰ","id":"H1"}]},{"name":"김경택","id":"30405","data":[{"className":"수학세미나Ⅰ","id":"B"},{"className":"생물학세미나Ⅰ","id":"E"},{"className":"세포생물학","id":"F"},{"className":"창의적 글쓰기","id":"C"},{"className":"고급영어독해","id":"H"},{"className":"고급커뮤니케이션","id":"G"},{"className":"독일어","id":"J1"},{"className":"음악과테크놀로지Ⅰ","id":"K"}]},{"name":"김대순","id":"30406","data":[{"className":"수학세미나Ⅰ","id":"B"},{"className":"생물학세미나Ⅰ","id":"E"},{"className":"세포생물학","id":"F"},{"className":"창의적 글쓰기","id":"J"},{"className":"고급영어독해","id":"H"},{"className":"독일어","id":"A1"},{"className":"음악과테크놀로지Ⅰ","id":"D1"},{"className":"미술과테크놀로지Ⅰ","id":"K"}]},{"name":"김준우","id":"30407","data":[{"className":"수학세미나Ⅰ","id":"B"},{"className":"생물학세미나Ⅰ","id":"E"},{"className":"세포생물학","id":"F"},{"className":"창의적 글쓰기","id":"G"},{"className":"고급영어독해","id":"H"},{"className":"중국어","id":"J1"},{"className":"음악과테크놀로지Ⅰ","id":"D1"},{"className":"미술과테크놀로지Ⅰ","id":"K"}]},{"name":"김진호","id":"30408","data":[{"className":"수학세미나Ⅰ","id":"B"},{"className":"생물학세미나Ⅰ","id":"E"},{"className":"정보과학프로젝트Ⅰ","id":"D"},{"className":"창의적 글쓰기","id":"G"},{"className":"고급영어독해","id":"H"},{"className":"일본어","id":"J1"},{"className":"미술과테크놀로지Ⅰ","id":"K"}]},{"name":"박윤근","id":"30409","data":[{"className":"수학세미나Ⅰ","id":"B"},{"className":"생물학세미나Ⅰ","id":"E"},{"className":"정보과학프로젝트Ⅰ","id":"D"},{"className":"고급영어독해","id":"H"},{"className":"중국어","id":"J1"},{"className":"미술과테크놀로지Ⅰ","id":"K"}]},{"name":"안준영","id":"30410","data":[{"className":"수학세미나Ⅰ","id":"D"},{"className":"생물학세미나Ⅰ","id":"E"},{"className":"세포생물학","id":"F"},{"className":"창의적 글쓰기","id":"J"},{"className":"고급커뮤니케이션","id":"G"},{"className":"독일어","id":"B1"},{"className":"음악과테크놀로지Ⅰ","id":"K"},{"className":"미술과테크놀로지Ⅰ","id":"H1"}]},{"name":"안진서","id":"30411","data":[{"className":"수학세미나Ⅰ","id":"B"},{"className":"생물학세미나Ⅰ","id":"E"},{"className":"세포생물학","id":"F"},{"className":"창의적 글쓰기","id":"G"},{"className":"고급영어독해","id":"H"},{"className":"일본어","id":"J1"},{"className":"음악과테크놀로지Ⅰ","id":"K"}]},{"name":"장준영","id":"30412","data":[{"className":"수학세미나Ⅰ","id":"D"},{"className":"선형대수학","id":"F"},{"className":"화학세미나Ⅰ","id":"E"},{"className":"유기화학의 이해","id":"G"},{"className":"창의적 글쓰기","id":"C"},{"className":"일본어","id":"J1"},{"className":"미술과테크놀로지Ⅰ","id":"H1"}]},{"name":"조찬진","id":"30413","data":[{"className":"수학세미나Ⅰ","id":"B"},{"className":"생물학세미나Ⅰ","id":"E"},{"className":"세포생물학","id":"F"},{"className":"창의적 글쓰기","id":"C"},{"className":"고급영어독해","id":"H"},{"className":"고급커뮤니케이션","id":"G"},{"className":"중국어","id":"J1"},{"className":"음악과테크놀로지Ⅰ","id":"D1"}]},{"name":"하지훈","id":"30414","data":[{"className":"수학세미나Ⅰ","id":"C"},{"className":"생물학세미나Ⅰ","id":"E"},{"className":"세포생물학","id":"F"},{"className":"창의적 글쓰기","id":"B"},{"className":"고급커뮤니케이션","id":"G"},{"className":"독일어","id":"A1"},{"className":"음악과테크놀로지Ⅰ","id":"D1"}]},{"name":"황현문","id":"30415","data":[{"className":"수학세미나Ⅰ","id":"C"},{"className":"생물학세미나Ⅰ","id":"E"},{"className":"세포생물학","id":"F"},{"className":"창의적 글쓰기","id":"G"},{"className":"고급영어독해","id":"H"},{"className":"독일어","id":"A1"},{"className":"음악과테크놀로지Ⅰ","id":"D1"},{"className":"미술과테크놀로지Ⅰ","id":"K"}]},{"name":"김민주","id":"30501","data":[{"className":"수학세미나Ⅰ","id":"D"},{"className":"화학세미나Ⅰ","id":"F"},{"className":"유기화학의 이해","id":"H"},{"className":"창의적 글쓰기","id":"C"},{"className":"고급영어독해","id":"E"},{"className":"독일어","id":"B1"},{"className":"미술과테크놀로지Ⅰ","id":"K"}]},{"name":"신석민","id":"30502","data":[{"className":"수학세미나Ⅰ","id":"B"},{"className":"화학세미나Ⅰ","id":"F"},{"className":"유기화학의 이해","id":"G"},{"className":"창의적 글쓰기","id":"J"},{"className":"고급영어독해","id":"H"},{"className":"독일어","id":"A1"},{"className":"음악과테크놀로지Ⅰ","id":"E1"}]},{"name":"최지원","id":"30503","data":[{"className":"수학세미나Ⅰ","id":"B"},{"className":"선형대수학","id":"C"},{"className":"화학세미나Ⅰ","id":"F"},{"className":"유기화학의 이해","id":"G"},{"className":"창의적 글쓰기","id":"J"},{"className":"고급영어독해","id":"E"},{"className":"독일어","id":"A1"},{"className":"미술과테크놀로지Ⅰ","id":"H1"}]},{"name":"김재한","id":"30504","data":[{"className":"수학세미나Ⅰ","id":"D"},{"className":"선형대수학","id":"C"},{"className":"화학세미나Ⅰ","id":"F"},{"className":"유기화학의 이해","id":"H"},{"className":"창의적 글쓰기","id":"J"},{"className":"고급영어독해","id":"E"},{"className":"독일어","id":"A1"},{"className":"미술과테크놀로지Ⅰ","id":"K"}]},{"name":"김지민","id":"30505","data":[{"className":"수학세미나Ⅰ","id":"C"},{"className":"선형대수학","id":"F"},{"className":"화학세미나Ⅰ","id":"E"},{"className":"유기화학의 이해","id":"H"},{"className":"창의적 글쓰기","id":"G"},{"className":"중국어","id":"J1"},{"className":"음악과테크놀로지Ⅰ","id":"D1"}]},{"name":"김태하","id":"30506","data":[{"className":"수학세미나Ⅰ","id":"D"},{"className":"선형대수학","id":"F"},{"className":"화학세미나Ⅰ","id":"E"},{"className":"유기화학의 이해","id":"G"},{"className":"창의적 글쓰기","id":"J"},{"className":"독일어","id":"A1"},{"className":"미술과테크놀로지Ⅰ","id":"H1"}]},{"name":"김태현","id":"30507","data":[{"className":"수학세미나Ⅰ","id":"D"},{"className":"선형대수학","id":"C"},{"className":"화학세미나Ⅰ","id":"F"},{"className":"유기화학의 이해","id":"G"},{"className":"창의적 글쓰기","id":"B"},{"className":"중국어","id":"J1"},{"className":"음악과테크놀로지Ⅰ","id":"E1"}]},{"name":"박민호","id":"30508","data":[{"className":"수학세미나Ⅰ","id":"D"},{"className":"선형대수학","id":"C"},{"className":"화학세미나Ⅰ","id":"F"},{"className":"유기화학의 이해","id":"H"},{"className":"창의적 글쓰기","id":"G"},{"className":"독일어","id":"J1"},{"className":"음악과테크놀로지Ⅰ","id":"E1"}]},{"name":"박범수","id":"30509","data":[{"className":"수학세미나Ⅰ","id":"C"},{"className":"화학세미나Ⅰ","id":"E"},{"className":"유기화학의 이해","id":"H"},{"className":"창의적 글쓰기","id":"G"},{"className":"일본어","id":"J1"},{"className":"음악과테크놀로지Ⅰ","id":"D1"},{"className":"미술과테크놀로지Ⅰ","id":"K"}]},{"name":"박수호","id":"30510","data":[{"className":"수학세미나Ⅰ","id":"C"},{"className":"화학세미나Ⅰ","id":"E"},{"className":"유기화학의 이해","id":"H"},{"className":"창의적 글쓰기","id":"B"},{"className":"고급커뮤니케이션","id":"G"},{"className":"중국어","id":"J1"},{"className":"음악과테크놀로지Ⅰ","id":"D1"}]},{"name":"윤우진","id":"30511","data":[{"className":"수학세미나Ⅰ","id":"A"},{"className":"선형대수학","id":"F"},{"className":"화학세미나Ⅰ","id":"E"},{"className":"정보과학프로젝트Ⅰ","id":"D"},{"className":"창의적 글쓰기","id":"C"},{"className":"고급커뮤니케이션","id":"G"},{"className":"독일어","id":"J1"},{"className":"미술과테크놀로지Ⅰ","id":"H1"}]},{"name":"이신형","id":"30512","data":[{"className":"수학세미나Ⅰ","id":"D"},{"className":"화학세미나Ⅰ","id":"E"},{"className":"유기화학의 이해","id":"H"},{"className":"창의적 글쓰기","id":"C"},{"className":"고급커뮤니케이션","id":"G"},{"className":"중국어","id":"J1"},{"className":"음악과테크놀로지Ⅰ","id":"K"}]},{"name":"장동근","id":"30513","data":[{"className":"수학세미나Ⅰ","id":"D"},{"className":"선형대수학","id":"E"},{"className":"화학세미나Ⅰ","id":"F"},{"className":"유기화학의 이해","id":"H"},{"className":"창의적 글쓰기","id":"J"},{"className":"독일어","id":"A1"},{"className":"음악과테크놀로지Ⅰ","id":"K"}]},{"name":"전병현","id":"30514","data":[{"className":"수학세미나Ⅰ","id":"B"},{"className":"선형대수학","id":"C"},{"className":"화학세미나Ⅰ","id":"F"},{"className":"유기화학의 이해","id":"G"},{"className":"창의적 글쓰기","id":"J"},{"className":"독일어","id":"A1"},{"className":"음악과테크놀로지Ⅰ","id":"E1"}]},{"name":"정유민","id":"30515","data":[{"className":"수학세미나Ⅰ","id":"A"},{"className":"선형대수학","id":"F"},{"className":"화학세미나Ⅰ","id":"E"},{"className":"유기화학의 이해","id":"H"},{"className":"창의적 글쓰기","id":"J"},{"className":"독일어","id":"B1"},{"className":"음악과테크놀로지Ⅰ","id":"D1"}]},{"name":"한정우","id":"30516","data":[{"className":"수학세미나Ⅰ","id":"A"},{"className":"화학세미나Ⅰ","id":"F"},{"className":"유기화학의 이해","id":"G"},{"className":"고급영어독해","id":"H"},{"className":"독일어","id":"B1"},{"className":"음악과테크놀로지Ⅰ","id":"E1"}]}]}