﻿{"class":[{"id":"M","className":"법과 정치","place":"인문1","day":"0","time":"0"},{"id":"M","className":"고급영어작문","place":"외국어1","day":"0","time":"0"},{"id":"M","className":"아티언스Ⅰ","place":"음악실","day":"0","time":"0"},{"id":"M","className":"법과 정치","place":"인문1","day":"0","time":"1"},{"id":"M","className":"고급영어작문","place":"외국어1","day":"0","time":"1"},{"id":"M","className":"아티언스Ⅰ","place":"음악실","day":"0","time":"1"},{"id":"M1","className":"단체운동","place":"강당","day":"0","time":"1"},{"id":"A","className":"AP 미적분학Ⅱ","place":"수교2","day":"0","time":"2"},{"id":"A","className":"AP 일반물리학Ⅱ","place":"물교","day":"0","time":"2"},{"id":"A","className":"AP 일반화학Ⅱ","place":"화실1","day":"0","time":"2"},{"id":"A","className":"AP 일반생물학","place":"생교","day":"0","time":"2"},{"id":"A","className":"AP 미적분학Ⅱ","place":"수교2","day":"0","time":"3"},{"id":"A","className":"AP 일반물리학Ⅱ","place":"물교","day":"0","time":"3"},{"id":"A","className":"AP 일반화학Ⅱ","place":"화실1","day":"0","time":"3"},{"id":"A","className":"AP 일반생물학","place":"생교","day":"0","time":"3"},{"id":"L","className":"법과 정치","place":"인문3","day":"0","time":"4"},{"id":"L","className":"고급영어토론","place":"외국어3","day":"0","time":"4"},{"id":"L","className":"아티언스Ⅰ","place":"음악실","day":"0","time":"4"},{"id":"L","className":"법과 정치","place":"인문3","day":"0","time":"5"},{"id":"L","className":"고급영어토론","place":"외국어3","day":"0","time":"5"},{"id":"L","className":"아티언스Ⅰ","place":"음악실","day":"0","time":"5"},{"id":"L1","className":"단체운동","place":"강당","day":"0","time":"5"},{"id":"D","className":"AP 미적분학Ⅱ","place":"수교2","day":"0","time":"6"},{"id":"D1","className":"정수론","place":"수교1","day":"0","time":"6"},{"id":"D1","className":"웹프로그래밍","place":"컴퓨터1","day":"0","time":"6"},{"id":"D1","className":"융합@수학","place":"수교7","day":"0","time":"6"},{"id":"D","className":"AP 미적분학Ⅱ","place":"수교2","day":"0","time":"8"},{"id":"C","className":"AP 미적분학Ⅱ","place":"수교2","day":"1","time":"0"},{"id":"C","className":"AP 일반물리학Ⅱ","place":"물교","day":"1","time":"0"},{"id":"C","className":"AP 일반화학Ⅱ","place":"화실1","day":"1","time":"0"},{"id":"C1","className":"일반지구과학Ⅱ","place":"지실2","day":"1","time":"0"},{"id":"C","className":"AP 미적분학Ⅱ","place":"수교2","day":"1","time":"1"},{"id":"C","className":"AP 일반물리학Ⅱ","place":"물교","day":"1","time":"1"},{"id":"C","className":"AP 일반화학Ⅱ","place":"화실1","day":"1","time":"1"},{"id":"C1","className":"일반지구과학Ⅱ","place":"지실2","day":"1","time":"1"},{"id":"C2","className":"융합@수학","place":"수교7","day":"1","time":"1"},{"id":"D","className":"AP 미적분학Ⅱ","place":"수교2","day":"1","time":"2"},{"id":"D1","className":"정수론","place":"수교1","day":"1","time":"2"},{"id":"D1","className":"웹프로그래밍","place":"컴퓨터1","day":"1","time":"2"},{"id":"D1","className":"융합@수학","place":"수교7","day":"1","time":"2"},{"id":"D","className":"AP 미적분학Ⅱ","place":"수교2","day":"1","time":"3"},{"id":"D1","className":"정수론","place":"수교1","day":"1","time":"3"},{"id":"D1","className":"웹프로그래밍","place":"컴퓨터1","day":"1","time":"3"},{"id":"D1","className":"융합@수학","place":"수교7","day":"1","time":"3"},{"id":"G","className":"논리적 글쓰기","place":"인문1","day":"1","time":"4"},{"id":"G","className":"알고리즘","place":"컴퓨터2","day":"1","time":"4"},{"id":"G","className":"물상과학과 융합","place":"지교","day":"1","time":"4"},{"id":"G","className":"아름다운 바이오화학","place":"화실1/생실1","day":"1","time":"4"},{"id":"A","className":"AP 미적분학Ⅱ","place":"수교2","day":"1","time":"5"},{"id":"A","className":"AP 일반물리학Ⅱ","place":"물교","day":"1","time":"5"},{"id":"A","className":"AP 일반화학Ⅱ","place":"화실1","day":"1","time":"5"},{"id":"A","className":"AP 일반생물학","place":"생교","day":"1","time":"5"},{"id":"A","className":"AP 미적분학Ⅱ","place":"수교2","day":"1","time":"6"},{"id":"A","className":"AP 일반물리학Ⅱ","place":"물교","day":"1","time":"6"},{"id":"A","className":"AP 일반화학Ⅱ","place":"화실1","day":"1","time":"6"},{"id":"A","className":"AP 일반생물학","place":"생교","day":"1","time":"6"},{"id":"F","className":"논리적 글쓰기","place":"인문1","day":"1","time":"7"},{"id":"F","className":"알고리즘","place":"컴퓨터2","day":"1","time":"7"},{"id":"F","className":"웹프로그래밍","place":"컴퓨터1","day":"1","time":"7"},{"id":"F1","className":"고급영어작문","place":"외국어1","day":"1","time":"7"},{"id":"F","className":"논리적 글쓰기","place":"인문1","day":"1","time":"8"},{"id":"F","className":"알고리즘","place":"컴퓨터2","day":"1","time":"8"},{"id":"F","className":"웹프로그래밍","place":"컴퓨터1","day":"1","time":"8"},{"id":"F1","className":"고급영어작문","place":"외국어1","day":"1","time":"8"},{"id":"B","className":"AP 미적분학Ⅱ","place":"수교2","day":"2","time":"0"},{"id":"B","className":"AP 일반물리학Ⅱ","place":"물교","day":"2","time":"0"},{"id":"B","className":"AP 일반화학Ⅱ","place":"화실1","day":"2","time":"0"},{"id":"B","className":"AP 일반생물학","place":"생교","day":"2","time":"0"},{"id":"B","className":"AP 미적분학Ⅱ","place":"수교2","day":"2","time":"1"},{"id":"B","className":"AP 일반물리학Ⅱ","place":"물교","day":"2","time":"1"},{"id":"B","className":"AP 일반화학Ⅱ","place":"화실1","day":"2","time":"1"},{"id":"B","className":"AP 일반생물학","place":"생교","day":"2","time":"1"},{"id":"H","className":"논리적 글쓰기","place":"인문1","day":"2","time":"2"},{"id":"H","className":"정수론","place":"수교1","day":"2","time":"2"},{"id":"H","className":"웹프로그래밍","place":"컴퓨터1","day":"2","time":"2"},{"id":"H","className":"아름다운 바이오화학","place":"화실1/생실1","day":"2","time":"2"},{"id":"H1","className":"단체운동","place":"강당","day":"2","time":"2"},{"id":"H","className":"논리적 글쓰기","place":"인문1","day":"2","time":"3"},{"id":"H","className":"정수론","place":"수교1","day":"2","time":"3"},{"id":"H","className":"웹프로그래밍","place":"컴퓨터1","day":"2","time":"3"},{"id":"H","className":"아름다운 바이오화학","place":"화실1/생실1","day":"2","time":"3"},{"id":"E","className":"논리적 글쓰기","place":"인문1","day":"2","time":"4"},{"id":"E","className":"정수론","place":"수교1","day":"2","time":"4"},{"id":"E","className":"융합@수학","place":"수교2","day":"2","time":"4"},{"id":"E","className":"논리적 글쓰기","place":"인문1","day":"3","time":"0"},{"id":"E","className":"정수론","place":"수교1","day":"3","time":"0"},{"id":"E","className":"융합@수학","place":"수교2","day":"3","time":"0"},{"id":"E1","className":"고급영어토론","place":"외국어3","day":"3","time":"0"},{"id":"E","className":"논리적 글쓰기","place":"인문1","day":"3","time":"1"},{"id":"E","className":"정수론","place":"수교1","day":"3","time":"1"},{"id":"E","className":"융합@수학","place":"수교2","day":"3","time":"1"},{"id":"E1","className":"고급영어토론","place":"외국어3","day":"3","time":"1"},{"id":"J","className":"법과 정치","place":"인문3","day":"3","time":"2"},{"id":"J","className":"AP 일반물리학실험Ⅱ","place":"물실2","day":"3","time":"2"},{"id":"J","className":"AP 일반화학실험Ⅱ","place":"화실1","day":"3","time":"2"},{"id":"J","className":"AP 생명과학실험Ⅱ","place":"생실1","day":"3","time":"2"},{"id":"J","className":"아티언스Ⅰ","place":"음악실","day":"3","time":"2"},{"id":"J","className":"법과 정치","place":"인문3","day":"3","time":"3"},{"id":"J","className":"AP 일반물리학실험Ⅱ","place":"물실2","day":"3","time":"3"},{"id":"J","className":"AP 일반화학실험Ⅱ","place":"화실1","day":"3","time":"3"},{"id":"J","className":"AP 생명과학실험Ⅱ","place":"생실1","day":"3","time":"3"},{"id":"J","className":"아티언스Ⅰ","place":"음악실","day":"3","time":"3"},{"id":"C","className":"AP 미적분학Ⅱ","place":"수교2","day":"3","time":"4"},{"id":"C","className":"AP 일반물리학Ⅱ","place":"물교","day":"3","time":"4"},{"id":"C","className":"AP 일반화학Ⅱ","place":"화실1","day":"3","time":"4"},{"id":"C1","className":"일반지구과학Ⅱ","place":"지실2","day":"3","time":"4"},{"id":"C2","className":"융합@수학","place":"수교7","day":"3","time":"4"},{"id":"C","className":"AP 미적분학Ⅱ","place":"수교2","day":"3","time":"5"},{"id":"C","className":"AP 일반물리학Ⅱ","place":"물교","day":"3","time":"5"},{"id":"C","className":"AP 일반화학Ⅱ","place":"화실1","day":"3","time":"5"},{"id":"C2","className":"융합@수학","place":"수교7","day":"3","time":"5"},{"id":"F","className":"논리적 글쓰기","place":"인문1","day":"3","time":"6"},{"id":"F","className":"알고리즘","place":"컴퓨터2","day":"3","time":"6"},{"id":"F","className":"웹프로그래밍","place":"컴퓨터1","day":"3","time":"6"},{"id":"F2","className":"단체운동","place":"강당","day":"3","time":"6"},{"id":"K","className":"법과 정치","place":"인문3","day":"3","time":"7"},{"id":"K","className":"AP 일반물리학실험Ⅱ","place":"물실2","day":"3","time":"7"},{"id":"K","className":"AP 일반화학실험Ⅱ","place":"화실1","day":"3","time":"7"},{"id":"K","className":"AP 생명과학실험Ⅱ","place":"생실1","day":"3","time":"7"},{"id":"K","className":"아티언스Ⅰ","place":"음악실","day":"3","time":"7"},{"id":"K","className":"법과 정치","place":"인문3","day":"3","time":"8"},{"id":"K","className":"AP 일반물리학실험Ⅱ","place":"물실2","day":"3","time":"8"},{"id":"K","className":"AP 일반화학실험Ⅱ","place":"화실1","day":"3","time":"8"},{"id":"K","className":"AP 생명과학실험Ⅱ","place":"생실1","day":"3","time":"8"},{"id":"K","className":"아티언스Ⅰ","place":"음악실","day":"3","time":"8"},{"id":"G","className":"논리적 글쓰기","place":"인문3","day":"4","time":"0"},{"id":"G","className":"알고리즘","place":"컴퓨터2","day":"4","time":"0"},{"id":"G","className":"물상과학과 융합","place":"물실1","day":"4","time":"0"},{"id":"G","className":"아름다운 바이오화학","place":"화실1/생실1","day":"4","time":"0"},{"id":"G1","className":"고급영어토론","place":"외국어3","day":"4","time":"0"},{"id":"G","className":"논리적 글쓰기","place":"인문3","day":"4","time":"1"},{"id":"G","className":"알고리즘","place":"컴퓨터2","day":"4","time":"1"},{"id":"G","className":"물상과학과 융합","place":"물실1","day":"4","time":"1"},{"id":"G","className":"아름다운 바이오화학","place":"화실1/생실1","day":"4","time":"1"},{"id":"G1","className":"고급영어토론","place":"외국어3","day":"4","time":"1"},{"id":"B","className":"AP 미적분학Ⅱ","place":"수교2","day":"4","time":"2"},{"id":"B","className":"AP 일반물리학Ⅱ","place":"물교","day":"4","time":"2"},{"id":"B","className":"AP 일반화학Ⅱ","place":"화실1","day":"4","time":"2"},{"id":"B","className":"AP 일반생물학","place":"생교","day":"4","time":"2"},{"id":"B","className":"AP 미적분학Ⅱ","place":"수교2","day":"4","time":"3"},{"id":"B","className":"AP 일반물리학Ⅱ","place":"물교","day":"4","time":"3"},{"id":"B","className":"AP 일반화학Ⅱ","place":"화실1","day":"4","time":"3"},{"id":"B","className":"AP 일반생물학","place":"생교","day":"4","time":"3"},{"id":"H","className":"논리적 글쓰기","place":"인문1","day":"4","time":"4"},{"id":"H","className":"정수론","place":"수교1","day":"4","time":"4"},{"id":"H","className":"웹프로그래밍","place":"컴1","day":"4","time":"4"},{"id":"H","className":"아름다운 바이오화학","place":"화실1/생실1","day":"4","time":"4"}],"user":[{"name":"정채현","id":"20101","data":[{"className":"AP 미적분학Ⅱ","id":"B"},{"className":"AP 일반물리학Ⅱ","id":"C"},{"className":"AP 일반생물학","id":"A"},{"className":"논리적 글쓰기","id":"H"},{"className":"알고리즘","id":"G"},{"className":"융합@수학","id":"D1"},{"className":"법과 정치","id":"J"},{"className":"고급영어토론","id":"E1"},{"className":"아티언스Ⅰ","id":"L"},{"className":"단체운동","id":"F2"}]},{"name":"최지원","id":"20102","data":[{"className":"AP 미적분학Ⅱ","id":"C"},{"className":"AP 일반화학Ⅱ","id":"B"},{"className":"AP 일반생물학","id":"A"},{"className":"논리적 글쓰기","id":"E"},{"className":"정수론","id":"D1"},{"className":"아름다운 바이오화학","id":"G"},{"className":"법과 정치","id":"L"},{"className":"고급영어작문","id":"F1"},{"className":"AP 일반화학실험Ⅱ","id":"J"},{"className":"AP 생명과학실험Ⅱ","id":"K"},{"className":"아티언스Ⅰ","id":"M"},{"className":"단체운동","id":"H1"}]},{"name":"권경민","id":"20103","data":[{"className":"AP 미적분학Ⅱ","id":"B"},{"className":"AP 일반물리학Ⅱ","id":"A"},{"className":"AP 일반화학Ⅱ","id":"C"},{"className":"논리적 글쓰기","id":"E"},{"className":"정수론","id":"D1"},{"className":"물상과학과 융합","id":"G"},{"className":"아름다운 바이오화학","id":"H"},{"className":"법과 정치","id":"J"},{"className":"고급영어토론","id":"L"},{"className":"AP 일반물리학실험Ⅱ","id":"K"},{"className":"아티언스Ⅰ","id":"M"},{"className":"단체운동","id":"F2"}]},{"name":"김경택","id":"20104","data":[{"className":"AP 미적분학Ⅱ","id":"D"},{"className":"AP 일반물리학Ⅱ","id":"C"},{"className":"AP 일반생물학","id":"B"},{"className":"논리적 글쓰기","id":"F"},{"className":"정수론","id":"H"},{"className":"융합@수학","id":"E"},{"className":"법과 정치","id":"K"},{"className":"고급영어토론","id":"G1"},{"className":"AP 생명과학실험Ⅱ","id":"J"},{"className":"아티언스Ⅰ","id":"M"},{"className":"단체운동","id":"L1"}]},{"name":"김대순","id":"20105","data":[{"className":"AP 미적분학Ⅱ","id":"B"},{"className":"AP 일반생물학","id":"A"},{"className":"논리적 글쓰기","id":"G"},{"className":"일반지구과학Ⅱ","id":"C1"},{"className":"웹프로그래밍","id":"D1"},{"className":"융합@수학","id":"E"},{"className":"법과 정치","id":"M"},{"className":"고급영어작문","id":"F1"},{"className":"AP 일반물리학실험Ⅱ","id":"K"},{"className":"AP 생명과학실험Ⅱ","id":"J"},{"className":"아티언스Ⅰ","id":"L"},{"className":"단체운동","id":"H1"}]},{"name":"김민기","id":"20106","data":[{"className":"AP 미적분학Ⅱ","id":"B"},{"className":"AP 일반물리학Ⅱ","id":"C"},{"className":"AP 일반화학Ⅱ","id":"A"},{"className":"논리적 글쓰기","id":"G"},{"className":"정수론","id":"H"},{"className":"융합@수학","id":"D1"},{"className":"법과 정치","id":"J"},{"className":"고급영어토론","id":"E1"},{"className":"고급영어작문","id":"F1"},{"className":"AP 일반물리학실험Ⅱ","id":"K"},{"className":"아티언스Ⅰ","id":"L"},{"className":"단체운동","id":"M1"}]},{"name":"김민준","id":"20107","data":[{"className":"AP 미적분학Ⅱ","id":"A"},{"className":"AP 일반물리학Ⅱ","id":"C"},{"className":"논리적 글쓰기","id":"G"},{"className":"정수론","id":"E"},{"className":"알고리즘","id":"F"},{"className":"웹프로그래밍","id":"H"},{"className":"융합@수학","id":"D1"},{"className":"법과 정치","id":"J"},{"className":"고급영어작문","id":"M"},{"className":"아티언스Ⅰ","id":"K"},{"className":"단체운동","id":"L1"}]},{"name":"김재한","id":"20108","data":[{"className":"AP 미적분학Ⅱ","id":"C"},{"className":"AP 일반화학Ⅱ","id":"B"},{"className":"AP 일반생물학","id":"A"},{"className":"논리적 글쓰기","id":"H"},{"className":"정수론","id":"D1"},{"className":"아름다운 바이오화학","id":"G"},{"className":"법과 정치","id":"L"},{"className":"고급영어토론","id":"E1"},{"className":"AP 일반화학실험Ⅱ","id":"J"},{"className":"AP 생명과학실험Ⅱ","id":"K"},{"className":"아티언스Ⅰ","id":"M"},{"className":"단체운동","id":"F2"}]},{"name":"박윤근","id":"20109","data":[{"className":"AP 미적분학Ⅱ","id":"C"},{"className":"AP 일반생물학","id":"A"},{"className":"논리적 글쓰기","id":"E"},{"className":"알고리즘","id":"F"},{"className":"웹프로그래밍","id":"H"},{"className":"융합@수학","id":"D1"},{"className":"물상과학과 융합","id":"G"},{"className":"법과 정치","id":"J"},{"className":"고급영어토론","id":"L"},{"className":"아티언스Ⅰ","id":"K"},{"className":"단체운동","id":"M1"}]},{"name":"소유석","id":"20110","data":[{"className":"AP 미적분학Ⅱ","id":"C"},{"className":"AP 일반물리학Ⅱ","id":"A"},{"className":"AP 일반화학Ⅱ","id":"B"},{"className":"논리적 글쓰기","id":"G"},{"className":"정수론","id":"H"},{"className":"웹프로그래밍","id":"F"},{"className":"융합@수학","id":"E"},{"className":"법과 정치","id":"J"},{"className":"고급영어토론","id":"L"},{"className":"아티언스Ⅰ","id":"K"},{"className":"단체운동","id":"M1"}]},{"name":"신재우","id":"20111","data":[{"className":"AP 미적분학Ⅱ","id":"B"},{"className":"AP 일반물리학Ⅱ","id":"A"},{"className":"논리적 글쓰기","id":"G"},{"className":"정수론","id":"H"},{"className":"알고리즘","id":"F"},{"className":"융합@수학","id":"C2"},{"className":"법과 정치","id":"K"},{"className":"고급영어토론","id":"E1"},{"className":"AP 일반물리학실험Ⅱ","id":"J"},{"className":"아티언스Ⅰ","id":"M"},{"className":"단체운동","id":"L1"}]},{"name":"임서균","id":"20112","data":[{"className":"AP 미적분학Ⅱ","id":"D"},{"className":"AP 일반물리학Ⅱ","id":"B"},{"className":"논리적 글쓰기","id":"F"},{"className":"정수론","id":"E"},{"className":"알고리즘","id":"G"},{"className":"웹프로그래밍","id":"H"},{"className":"융합@수학","id":"C2"},{"className":"법과 정치","id":"K"},{"className":"고급영어토론","id":"L"},{"className":"AP 일반물리학실험Ⅱ","id":"J"},{"className":"아티언스Ⅰ","id":"M"}]},{"name":"정상현","id":"20113","data":[{"className":"AP 미적분학Ⅱ","id":"A"},{"className":"AP 일반물리학Ⅱ","id":"B"},{"className":"논리적 글쓰기","id":"G"},{"className":"정수론","id":"H"},{"className":"알고리즘","id":"F"},{"className":"웹프로그래밍","id":"D1"},{"className":"융합@수학","id":"C2"},{"className":"법과 정치","id":"L"},{"className":"고급영어토론","id":"E1"},{"className":"AP 일반물리학실험Ⅱ","id":"J"},{"className":"아티언스Ⅰ","id":"M"}]},{"name":"정찬호","id":"20114","data":[{"className":"AP 미적분학Ⅱ","id":"B"},{"className":"AP 일반물리학Ⅱ","id":"A"},{"className":"논리적 글쓰기","id":"F"},{"className":"정수론","id":"E"},{"className":"일반지구과학Ⅱ","id":"C1"},{"className":"웹프로그래밍","id":"H"},{"className":"융합@수학","id":"D1"},{"className":"법과 정치","id":"J"},{"className":"고급영어작문","id":"M"},{"className":"아티언스Ⅰ","id":"K"},{"className":"단체운동","id":"L1"}]},{"name":"조건우","id":"20115","data":[{"className":"AP 미적분학Ⅱ","id":"A"},{"className":"AP 일반물리학Ⅱ","id":"B"},{"className":"논리적 글쓰기","id":"G"},{"className":"정수론","id":"D1"},{"className":"알고리즘","id":"F"},{"className":"웹프로그래밍","id":"H"},{"className":"융합@수학","id":"C2"},{"className":"법과 정치","id":"L"},{"className":"고급영어토론","id":"E1"},{"className":"AP 일반물리학실험Ⅱ","id":"J"},{"className":"아티언스Ⅰ","id":"M"}]},{"name":"황현문","id":"20116","data":[{"className":"AP 미적분학Ⅱ","id":"C"},{"className":"AP 일반화학Ⅱ","id":"A"},{"className":"AP 일반생물학","id":"B"},{"className":"논리적 글쓰기","id":"E"},{"className":"웹프로그래밍","id":"H"},{"className":"융합@수학","id":"D1"},{"className":"아름다운 바이오화학","id":"G"},{"className":"법과 정치","id":"M"},{"className":"고급영어토론","id":"L"},{"className":"AP 생명과학실험Ⅱ","id":"J"},{"className":"아티언스Ⅰ","id":"K"},{"className":"단체운동","id":"F2"}]},{"name":"김새봄","id":"20201","data":[{"className":"AP 미적분학Ⅱ","id":"D"},{"className":"AP 일반화학Ⅱ","id":"A"},{"className":"AP 일반생물학","id":"B"},{"className":"논리적 글쓰기","id":"H"},{"className":"일반지구과학Ⅱ","id":"C1"},{"className":"융합@수학","id":"E"},{"className":"아름다운 바이오화학","id":"G"},{"className":"법과 정치","id":"L"},{"className":"고급영어작문","id":"F1"},{"className":"AP 생명과학실험Ⅱ","id":"J"},{"className":"아티언스Ⅰ","id":"M"}]},{"name":"신석민","id":"20202","data":[{"className":"AP 미적분학Ⅱ","id":"D"},{"className":"AP 일반화학Ⅱ","id":"C"},{"className":"AP 일반생물학","id":"B"},{"className":"논리적 글쓰기","id":"G"},{"className":"융합@수학","id":"E"},{"className":"아름다운 바이오화학","id":"H"},{"className":"법과 정치","id":"J"},{"className":"고급영어작문","id":"F1"},{"className":"AP 일반화학실험Ⅱ","id":"K"},{"className":"아티언스Ⅰ","id":"L"}]},{"name":"이서진","id":"20203","data":[{"className":"AP 미적분학Ⅱ","id":"C"},{"className":"AP 일반물리학Ⅱ","id":"A"},{"className":"AP 일반화학Ⅱ","id":"B"},{"className":"논리적 글쓰기","id":"H"},{"className":"정수론","id":"E"},{"className":"웹프로그래밍","id":"F"},{"className":"융합@수학","id":"D1"},{"className":"법과 정치","id":"K"},{"className":"고급영어토론","id":"G1"},{"className":"아티언스Ⅰ","id":"J"}]},{"name":"김규진","id":"20204","data":[{"className":"AP 미적분학Ⅱ","id":"A"},{"className":"AP 일반물리학Ⅱ","id":"C"},{"className":"논리적 글쓰기","id":"H"},{"className":"정수론","id":"E"},{"className":"알고리즘","id":"F"},{"className":"융합@수학","id":"D1"},{"className":"법과 정치","id":"M"},{"className":"고급영어토론","id":"G1"},{"className":"AP 일반물리학실험Ⅱ","id":"J"},{"className":"아티언스Ⅰ","id":"L"}]},{"name":"김승태","id":"20205","data":[{"className":"AP 미적분학Ⅱ","id":"B"},{"className":"AP 일반물리학Ⅱ","id":"A"},{"className":"논리적 글쓰기","id":"E"},{"className":"정수론","id":"D1"},{"className":"알고리즘","id":"G"},{"className":"웹프로그래밍","id":"H"},{"className":"융합@수학","id":"C2"},{"className":"법과 정치","id":"L"},{"className":"고급영어작문","id":"F1"},{"className":"아티언스Ⅰ","id":"J"},{"className":"단체운동","id":"M1"}]},{"name":"김주윤","id":"20206","data":[{"className":"AP 미적분학Ⅱ","id":"A"},{"className":"AP 일반물리학Ⅱ","id":"B"},{"className":"AP 일반화학Ⅱ","id":"C"},{"className":"논리적 글쓰기","id":"G"},{"className":"정수론","id":"D1"},{"className":"융합@수학","id":"E"},{"className":"아름다운 바이오화학","id":"H"},{"className":"법과 정치","id":"M"},{"className":"고급영어작문","id":"F1"},{"className":"AP 일반물리학실험Ⅱ","id":"K"},{"className":"아티언스Ⅰ","id":"J"},{"className":"단체운동","id":"L1"}]},{"name":"김지민","id":"20207","data":[{"className":"AP 미적분학Ⅱ","id":"C"},{"className":"AP 일반물리학Ⅱ","id":"A"},{"className":"AP 일반화학Ⅱ","id":"B"},{"className":"논리적 글쓰기","id":"G"},{"className":"정수론","id":"E"},{"className":"웹프로그래밍","id":"F"},{"className":"아름다운 바이오화학","id":"H"},{"className":"법과 정치","id":"K"},{"className":"고급영어토론","id":"L"},{"className":"아티언스Ⅰ","id":"J"},{"className":"단체운동","id":"M1"}]},{"name":"김진호","id":"20208","data":[{"className":"AP 미적분학Ⅱ","id":"B"},{"className":"AP 일반생물학","id":"A"},{"className":"논리적 글쓰기","id":"E"},{"className":"알고리즘","id":"G"},{"className":"웹프로그래밍","id":"F"},{"className":"융합@수학","id":"C2"},{"className":"아름다운 바이오화학","id":"H"},{"className":"법과 정치","id":"K"},{"className":"고급영어작문","id":"M"},{"className":"아티언스Ⅰ","id":"J"},{"className":"단체운동","id":"L1"}]},{"name":"민수홍","id":"20209","data":[{"className":"AP 미적분학Ⅱ","id":"C"},{"className":"AP 일반화학Ⅱ","id":"B"},{"className":"AP 일반생물학","id":"A"},{"className":"논리적 글쓰기","id":"E"},{"className":"정수론","id":"D1"},{"className":"아름다운 바이오화학","id":"G"},{"className":"법과 정치","id":"M"},{"className":"고급영어작문","id":"F1"},{"className":"AP 일반화학실험Ⅱ","id":"J"},{"className":"AP 생명과학실험Ⅱ","id":"K"},{"className":"아티언스Ⅰ","id":"L"},{"className":"단체운동","id":"H1"}]},{"name":"박정민","id":"20210","data":[{"className":"AP 미적분학Ⅱ","id":"B"},{"className":"AP 일반물리학Ⅱ","id":"A"},{"className":"논리적 글쓰기","id":"E"},{"className":"정수론","id":"D1"},{"className":"알고리즘","id":"G"},{"className":"웹프로그래밍","id":"H"},{"className":"융합@수학","id":"C2"},{"className":"법과 정치","id":"K"},{"className":"고급영어토론","id":"L"},{"className":"아티언스Ⅰ","id":"M"},{"className":"단체운동","id":"F2"}]},{"name":"오준혁","id":"20211","data":[{"className":"AP 미적분학Ⅱ","id":"A"},{"className":"AP 일반물리학Ⅱ","id":"C"},{"className":"논리적 글쓰기","id":"F"},{"className":"정수론","id":"H"},{"className":"알고리즘","id":"G"},{"className":"웹프로그래밍","id":"D1"},{"className":"융합@수학","id":"E"},{"className":"법과 정치","id":"J"},{"className":"고급영어토론","id":"L"},{"className":"아티언스Ⅰ","id":"K"},{"className":"단체운동","id":"M1"}]},{"name":"이호석","id":"20212","data":[{"className":"AP 미적분학Ⅱ","id":"C"},{"className":"AP 일반물리학Ⅱ","id":"A"},{"className":"AP 일반화학Ⅱ","id":"B"},{"className":"논리적 글쓰기","id":"G"},{"className":"정수론","id":"E"},{"className":"웹프로그래밍","id":"F"},{"className":"융합@수학","id":"D1"},{"className":"법과 정치","id":"J"},{"className":"고급영어작문","id":"M"},{"className":"아티언스Ⅰ","id":"K"},{"className":"단체운동","id":"H1"}]},{"name":"조찬진","id":"20213","data":[{"className":"AP 일반물리학Ⅱ","id":"A"},{"className":"AP 일반생물학","id":"B"},{"className":"논리적 글쓰기","id":"G"},{"className":"일반지구과학Ⅱ","id":"C1"},{"className":"웹프로그래밍","id":"D1"},{"className":"아름다운 바이오화학","id":"H"},{"className":"법과 정치","id":"L"},{"className":"고급영어토론","id":"E1"},{"className":"고급영어작문","id":"M"},{"className":"AP 생명과학실험Ⅱ","id":"J"},{"className":"아티언스Ⅰ","id":"K"},{"className":"단체운동","id":"F2"}]},{"name":"최현서","id":"20214","data":[{"className":"AP 미적분학Ⅱ","id":"C"},{"className":"AP 일반물리학Ⅱ","id":"A"},{"className":"AP 일반화학Ⅱ","id":"B"},{"className":"논리적 글쓰기","id":"H"},{"className":"정수론","id":"D1"},{"className":"융합@수학","id":"E"},{"className":"아름다운 바이오화학","id":"G"},{"className":"법과 정치","id":"J"},{"className":"고급영어작문","id":"M"},{"className":"AP 일반물리학실험Ⅱ","id":"K"},{"className":"아티언스Ⅰ","id":"L"},{"className":"단체운동","id":"F2"}]},{"name":"하지훈","id":"20215","data":[{"className":"AP 미적분학Ⅱ","id":"A"},{"className":"AP 일반화학Ⅱ","id":"C"},{"className":"AP 일반생물학","id":"B"},{"className":"논리적 글쓰기","id":"H"},{"className":"웹프로그래밍","id":"D1"},{"className":"아름다운 바이오화학","id":"G"},{"className":"법과 정치","id":"M"},{"className":"고급영어토론","id":"L"},{"className":"AP 생명과학실험Ⅱ","id":"J"},{"className":"아티언스Ⅰ","id":"K"},{"className":"단체운동","id":"F2"}]},{"name":"조수빈","id":"20301","data":[{"className":"AP 미적분학Ⅱ","id":"A"},{"className":"AP 일반화학Ⅱ","id":"C"},{"className":"AP 일반생물학","id":"B"},{"className":"논리적 글쓰기","id":"E"},{"className":"정수론","id":"D1"},{"className":"아름다운 바이오화학","id":"G"},{"className":"법과 정치","id":"M"},{"className":"고급영어작문","id":"F1"},{"className":"AP 일반화학실험Ⅱ","id":"J"},{"className":"AP 생명과학실험Ⅱ","id":"K"},{"className":"아티언스Ⅰ","id":"L"},{"className":"단체운동","id":"H1"}]},{"name":"천은아","id":"20302","data":[{"className":"AP 미적분학Ⅱ","id":"C"},{"className":"AP 일반화학Ⅱ","id":"A"},{"className":"AP 일반생물학","id":"B"},{"className":"논리적 글쓰기","id":"E"},{"className":"정수론","id":"D1"},{"className":"아름다운 바이오화학","id":"G"},{"className":"법과 정치","id":"L"},{"className":"고급영어작문","id":"F1"},{"className":"AP 일반화학실험Ⅱ","id":"J"},{"className":"AP 생명과학실험Ⅱ","id":"K"},{"className":"아티언스Ⅰ","id":"M"},{"className":"단체운동","id":"H1"}]},{"name":"김동현","id":"20303","data":[{"className":"AP 미적분학Ⅱ","id":"B"},{"className":"AP 일반물리학Ⅱ","id":"A"},{"className":"논리적 글쓰기","id":"F"},{"className":"일반지구과학Ⅱ","id":"C1"},{"className":"웹프로그래밍","id":"D1"},{"className":"물상과학과 융합","id":"G"},{"className":"법과 정치","id":"L"},{"className":"고급영어토론","id":"E1"},{"className":"AP 일반물리학실험Ⅱ","id":"K"},{"className":"AP 생명과학실험Ⅱ","id":"J"},{"className":"아티언스Ⅰ","id":"M"},{"className":"단체운동","id":"H1"}]},{"name":"김민서","id":"20304","data":[{"className":"AP 미적분학Ⅱ","id":"D"},{"className":"AP 일반물리학Ⅱ","id":"B"},{"className":"AP 일반화학Ⅱ","id":"A"},{"className":"논리적 글쓰기","id":"G"},{"className":"정수론","id":"H"},{"className":"일반지구과학Ⅱ","id":"C1"},{"className":"융합@수학","id":"E"},{"className":"법과 정치","id":"M"},{"className":"고급영어토론","id":"L"},{"className":"AP 일반물리학실험Ⅱ","id":"J"},{"className":"아티언스Ⅰ","id":"K"},{"className":"단체운동","id":"F2"}]},{"name":"김준우","id":"20305","data":[{"className":"AP 미적분학Ⅱ","id":"B"},{"className":"AP 일반생물학","id":"A"},{"className":"논리적 글쓰기","id":"F"},{"className":"웹프로그래밍","id":"H"},{"className":"융합@수학","id":"C2"},{"className":"아름다운 바이오화학","id":"G"},{"className":"법과 정치","id":"L"},{"className":"고급영어토론","id":"E1"},{"className":"AP 생명과학실험Ⅱ","id":"J"},{"className":"아티언스Ⅰ","id":"K"},{"className":"단체운동","id":"M1"}]},{"name":"김태진","id":"20306","data":[{"className":"AP 미적분학Ⅱ","id":"B"},{"className":"AP 일반물리학Ⅱ","id":"A"},{"className":"논리적 글쓰기","id":"G"},{"className":"정수론","id":"H"},{"className":"웹프로그래밍","id":"D1"},{"className":"융합@수학","id":"C2"},{"className":"법과 정치","id":"M"},{"className":"고급영어토론","id":"E1"},{"className":"AP 일반물리학실험Ⅱ","id":"J"},{"className":"아티언스Ⅰ","id":"L"},{"className":"단체운동","id":"F2"}]},{"name":"김태하","id":"20307","data":[{"className":"AP 미적분학Ⅱ","id":"A"},{"className":"AP 일반물리학Ⅱ","id":"B"},{"className":"AP 일반화학Ⅱ","id":"C"},{"className":"논리적 글쓰기","id":"F"},{"className":"정수론","id":"E"},{"className":"융합@수학","id":"D1"},{"className":"아름다운 바이오화학","id":"H"},{"className":"법과 정치","id":"M"},{"className":"고급영어토론","id":"G1"},{"className":"AP 일반화학실험Ⅱ","id":"K"},{"className":"아티언스Ⅰ","id":"L"}]},{"name":"박범수","id":"20308","data":[{"className":"AP 미적분학Ⅱ","id":"A"},{"className":"AP 일반화학Ⅱ","id":"C"},{"className":"논리적 글쓰기","id":"E"},{"className":"웹프로그래밍","id":"D1"},{"className":"아름다운 바이오화학","id":"G"},{"className":"법과 정치","id":"M"},{"className":"고급영어작문","id":"F1"},{"className":"AP 일반화학실험Ⅱ","id":"J"},{"className":"AP 생명과학실험Ⅱ","id":"K"},{"className":"아티언스Ⅰ","id":"L"},{"className":"단체운동","id":"H1"}]},{"name":"박수호","id":"20309","data":[{"className":"AP 미적분학Ⅱ","id":"C"},{"className":"AP 일반화학Ⅱ","id":"B"},{"className":"AP 일반생물학","id":"A"},{"className":"논리적 글쓰기","id":"G"},{"className":"웹프로그래밍","id":"D1"},{"className":"아름다운 바이오화학","id":"H"},{"className":"법과 정치","id":"M"},{"className":"고급영어작문","id":"F1"},{"className":"AP 일반화학실험Ⅱ","id":"K"},{"className":"아티언스Ⅰ","id":"J"},{"className":"단체운동","id":"L1"}]},{"name":"박찬희","id":"20310","data":[{"className":"AP 미적분학Ⅱ","id":"D"},{"className":"AP 일반물리학Ⅱ","id":"B"},{"className":"논리적 글쓰기","id":"E"},{"className":"일반지구과학Ⅱ","id":"C1"},{"className":"알고리즘","id":"F"},{"className":"물상과학과 융합","id":"G"},{"className":"법과 정치","id":"K"},{"className":"고급영어작문","id":"M"},{"className":"AP 일반물리학실험Ⅱ","id":"J"},{"className":"아티언스Ⅰ","id":"L"},{"className":"단체운동","id":"H1"}]},{"name":"오준영","id":"20311","data":[{"className":"AP 미적분학Ⅱ","id":"B"},{"className":"AP 일반물리학Ⅱ","id":"C"},{"className":"논리적 글쓰기","id":"H"},{"className":"정수론","id":"E"},{"className":"알고리즘","id":"G"},{"className":"융합@수학","id":"D1"},{"className":"법과 정치","id":"L"},{"className":"고급영어작문","id":"F1"},{"className":"AP 일반물리학실험Ⅱ","id":"K"},{"className":"아티언스Ⅰ","id":"M"}]},{"name":"이도훈","id":"20312","data":[{"className":"AP 미적분학Ⅱ","id":"A"},{"className":"AP 일반물리학Ⅱ","id":"B"},{"className":"논리적 글쓰기","id":"F"},{"className":"정수론","id":"H"},{"className":"일반지구과학Ⅱ","id":"C1"},{"className":"융합@수학","id":"D1"},{"className":"법과 정치","id":"L"},{"className":"고급영어토론","id":"E1"},{"className":"AP 일반물리학실험Ⅱ","id":"J"},{"className":"아티언스Ⅰ","id":"K"},{"className":"단체운동","id":"M1"}]},{"name":"장제웅","id":"20313","data":[{"className":"AP 미적분학Ⅱ","id":"A"},{"className":"AP 일반물리학Ⅱ","id":"C"},{"className":"논리적 글쓰기","id":"E"},{"className":"정수론","id":"H"},{"className":"알고리즘","id":"G"},{"className":"웹프로그래밍","id":"F"},{"className":"융합@수학","id":"D1"},{"className":"법과 정치","id":"J"},{"className":"고급영어토론","id":"L"},{"className":"아티언스Ⅰ","id":"K"},{"className":"단체운동","id":"M1"}]},{"name":"장준영","id":"20314","data":[{"className":"AP 미적분학Ⅱ","id":"D"},{"className":"AP 일반화학Ⅱ","id":"B"},{"className":"AP 일반생물학","id":"A"},{"className":"논리적 글쓰기","id":"F"},{"className":"정수론","id":"E"},{"className":"융합@수학","id":"C2"},{"className":"아름다운 바이오화학","id":"H"},{"className":"법과 정치","id":"L"},{"className":"고급영어토론","id":"G1"},{"className":"AP 일반화학실험Ⅱ","id":"K"},{"className":"아티언스Ⅰ","id":"J"}]},{"name":"정유민","id":"20315","data":[{"className":"AP 미적분학Ⅱ","id":"D"},{"className":"AP 일반물리학Ⅱ","id":"C"},{"className":"AP 일반화학Ⅱ","id":"B"},{"className":"논리적 글쓰기","id":"G"},{"className":"정수론","id":"E"},{"className":"웹프로그래밍","id":"F"},{"className":"아름다운 바이오화학","id":"H"},{"className":"법과 정치","id":"M"},{"className":"고급영어토론","id":"L"},{"className":"AP 일반화학실험Ⅱ","id":"K"},{"className":"아티언스Ⅰ","id":"J"}]},{"name":"한정우","id":"20316","data":[{"className":"AP 미적분학Ⅱ","id":"C"},{"className":"AP 일반화학Ⅱ","id":"B"},{"className":"AP 일반생물학","id":"A"},{"className":"논리적 글쓰기","id":"H"},{"className":"알고리즘","id":"F"},{"className":"웹프로그래밍","id":"D1"},{"className":"아름다운 바이오화학","id":"G"},{"className":"법과 정치","id":"L"},{"className":"고급영어작문","id":"M"},{"className":"AP 생명과학실험Ⅱ","id":"J"},{"className":"아티언스Ⅰ","id":"K"}]},{"name":"서영은","id":"20401","data":[{"className":"AP 미적분학Ⅱ","id":"A"},{"className":"AP 일반화학Ⅱ","id":"C"},{"className":"AP 일반생물학","id":"B"},{"className":"논리적 글쓰기","id":"E"},{"className":"정수론","id":"D1"},{"className":"아름다운 바이오화학","id":"G"},{"className":"법과 정치","id":"M"},{"className":"고급영어작문","id":"F1"},{"className":"AP 일반화학실험Ⅱ","id":"J"},{"className":"AP 생명과학실험Ⅱ","id":"K"},{"className":"아티언스Ⅰ","id":"L"},{"className":"단체운동","id":"H1"}]},{"name":"송지민","id":"20402","data":[{"className":"AP 미적분학Ⅱ","id":"D"},{"className":"AP 일반물리학Ⅱ","id":"B"},{"className":"AP 일반화학Ⅱ","id":"A"},{"className":"논리적 글쓰기","id":"H"},{"className":"정수론","id":"E"},{"className":"융합@수학","id":"C2"},{"className":"법과 정치","id":"J"},{"className":"고급영어작문","id":"F1"},{"className":"아티언스Ⅰ","id":"M"},{"className":"단체운동","id":"L1"}]},{"name":"권준호","id":"20403","data":[{"className":"AP 미적분학Ⅱ","id":"D"},{"className":"AP 일반물리학Ⅱ","id":"C"},{"className":"AP 일반화학Ⅱ","id":"A"},{"className":"논리적 글쓰기","id":"G"},{"className":"알고리즘","id":"F"},{"className":"융합@수학","id":"E"},{"className":"법과 정치","id":"L"},{"className":"고급영어작문","id":"M"},{"className":"AP 일반화학실험Ⅱ","id":"K"},{"className":"아티언스Ⅰ","id":"J"},{"className":"단체운동","id":"H1"}]},{"name":"김태현","id":"20404","data":[{"className":"AP 미적분학Ⅱ","id":"C"},{"className":"AP 일반화학Ⅱ","id":"A"},{"className":"AP 일반생물학","id":"B"},{"className":"논리적 글쓰기","id":"H"},{"className":"정수론","id":"D1"},{"className":"아름다운 바이오화학","id":"G"},{"className":"법과 정치","id":"L"},{"className":"고급영어토론","id":"E1"},{"className":"AP 일반화학실험Ⅱ","id":"J"},{"className":"AP 생명과학실험Ⅱ","id":"K"},{"className":"아티언스Ⅰ","id":"M"},{"className":"단체운동","id":"F2"}]},{"name":"박민호","id":"20405","data":[{"className":"AP 미적분학Ⅱ","id":"A"},{"className":"AP 일반물리학Ⅱ","id":"B"},{"className":"AP 일반화학Ⅱ","id":"C"},{"className":"논리적 글쓰기","id":"F"},{"className":"정수론","id":"E"},{"className":"웹프로그래밍","id":"D1"},{"className":"아름다운 바이오화학","id":"H"},{"className":"법과 정치","id":"K"},{"className":"고급영어토론","id":"G1"},{"className":"아티언스Ⅰ","id":"J"},{"className":"단체운동","id":"M1"}]},{"name":"송시원","id":"20406","data":[{"className":"AP 미적분학Ⅱ","id":"A"},{"className":"AP 일반물리학Ⅱ","id":"C"},{"className":"논리적 글쓰기","id":"H"},{"className":"정수론","id":"E"},{"className":"알고리즘","id":"G"},{"className":"융합@수학","id":"D1"},{"className":"법과 정치","id":"L"},{"className":"고급영어작문","id":"M"},{"className":"AP 일반물리학실험Ⅱ","id":"K"},{"className":"아티언스Ⅰ","id":"J"},{"className":"단체운동","id":"F2"}]},{"name":"안준영","id":"20407","data":[{"className":"AP 미적분학Ⅱ","id":"A"},{"className":"AP 일반화학Ⅱ","id":"C"},{"className":"AP 일반생물학","id":"B"},{"className":"논리적 글쓰기","id":"F"},{"className":"웹프로그래밍","id":"D1"},{"className":"아름다운 바이오화학","id":"H"},{"className":"법과 정치","id":"M"},{"className":"고급영어토론","id":"G1"},{"className":"AP 생명과학실험Ⅱ","id":"J"},{"className":"아티언스Ⅰ","id":"K"},{"className":"단체운동","id":"L1"}]},{"name":"양윤서","id":"20408","data":[{"className":"AP 미적분학Ⅱ","id":"B"},{"className":"AP 일반물리학Ⅱ","id":"A"},{"className":"논리적 글쓰기","id":"H"},{"className":"정수론","id":"E"},{"className":"알고리즘","id":"G"},{"className":"웹프로그래밍","id":"F"},{"className":"융합@수학","id":"C2"},{"className":"법과 정치","id":"K"},{"className":"고급영어토론","id":"L"},{"className":"아티언스Ⅰ","id":"J"},{"className":"단체운동","id":"M1"}]},{"name":"우찬우","id":"20409","data":[{"className":"AP 미적분학Ⅱ","id":"A"},{"className":"AP 일반물리학Ⅱ","id":"B"},{"className":"AP 일반화학Ⅱ","id":"C"},{"className":"논리적 글쓰기","id":"F"},{"className":"정수론","id":"D1"},{"className":"웹프로그래밍","id":"H"},{"className":"융합@수학","id":"E"},{"className":"법과 정치","id":"K"},{"className":"고급영어토론","id":"G1"},{"className":"아티언스Ⅰ","id":"L"},{"className":"단체운동","id":"M1"}]},{"name":"윤우진","id":"20410","data":[{"className":"AP 미적분학Ⅱ","id":"B"},{"className":"AP 일반화학Ⅱ","id":"A"},{"className":"논리적 글쓰기","id":"E"},{"className":"정수론","id":"D1"},{"className":"알고리즘","id":"F"},{"className":"융합@수학","id":"C2"},{"className":"아름다운 바이오화학","id":"G"},{"className":"법과 정치","id":"L"},{"className":"고급영어작문","id":"M"},{"className":"AP 일반화학실험Ⅱ","id":"K"},{"className":"아티언스Ⅰ","id":"J"},{"className":"단체운동","id":"H1"}]},{"name":"이하신","id":"20411","data":[{"className":"AP 미적분학Ⅱ","id":"B"},{"className":"AP 일반물리학Ⅱ","id":"C"},{"className":"논리적 글쓰기","id":"F"},{"className":"정수론","id":"H"},{"className":"알고리즘","id":"G"},{"className":"융합@수학","id":"D1"},{"className":"법과 정치","id":"K"},{"className":"고급영어토론","id":"E1"},{"className":"아티언스Ⅰ","id":"J"},{"className":"단체운동","id":"M1"}]},{"name":"장동근","id":"20412","data":[{"className":"AP 미적분학Ⅱ","id":"C"},{"className":"AP 일반화학Ⅱ","id":"B"},{"className":"AP 일반생물학","id":"A"},{"className":"논리적 글쓰기","id":"E"},{"className":"웹프로그래밍","id":"D1"},{"className":"아름다운 바이오화학","id":"H"},{"className":"법과 정치","id":"M"},{"className":"고급영어토론","id":"G1"},{"className":"AP 일반화학실험Ⅱ","id":"J"},{"className":"AP 생명과학실험Ⅱ","id":"K"},{"className":"아티언스Ⅰ","id":"L"},{"className":"단체운동","id":"F2"}]},{"name":"전병현","id":"20413","data":[{"className":"AP 미적분학Ⅱ","id":"A"},{"className":"AP 일반물리학Ⅱ","id":"B"},{"className":"AP 일반화학Ⅱ","id":"C"},{"className":"논리적 글쓰기","id":"F"},{"className":"정수론","id":"D1"},{"className":"웹프로그래밍","id":"H"},{"className":"융합@수학","id":"E"},{"className":"법과 정치","id":"K"},{"className":"고급영어토론","id":"G1"},{"className":"아티언스Ⅰ","id":"J"}]},{"name":"조익현","id":"20414","data":[{"className":"AP 미적분학Ⅱ","id":"B"},{"className":"AP 일반물리학Ⅱ","id":"A"},{"className":"논리적 글쓰기","id":"H"},{"className":"정수론","id":"D1"},{"className":"일반지구과학Ⅱ","id":"C1"},{"className":"물상과학과 융합","id":"G"},{"className":"법과 정치","id":"M"},{"className":"고급영어토론","id":"E1"},{"className":"AP 일반물리학실험Ⅱ","id":"J"},{"className":"아티언스Ⅰ","id":"L"},{"className":"단체운동","id":"F2"}]},{"name":"조형준","id":"20415","data":[{"className":"AP 미적분학Ⅱ","id":"D"},{"className":"AP 일반물리학Ⅱ","id":"B"},{"className":"논리적 글쓰기","id":"E"},{"className":"일반지구과학Ⅱ","id":"C1"},{"className":"알고리즘","id":"F"},{"className":"웹프로그래밍","id":"H"},{"className":"물상과학과 융합","id":"G"},{"className":"법과 정치","id":"J"},{"className":"고급영어작문","id":"M"},{"className":"아티언스Ⅰ","id":"K"},{"className":"단체운동","id":"L1"}]},{"name":"최시형","id":"20416","data":[{"className":"AP 미적분학Ⅱ","id":"A"},{"className":"AP 일반물리학Ⅱ","id":"C"},{"className":"논리적 글쓰기","id":"H"},{"className":"알고리즘","id":"F"},{"className":"웹프로그래밍","id":"D1"},{"className":"물상과학과 융합","id":"G"},{"className":"법과 정치","id":"K"},{"className":"고급영어토론","id":"E1"},{"className":"AP 일반물리학실험Ⅱ","id":"J"},{"className":"아티언스Ⅰ","id":"M"},{"className":"단체운동","id":"L1"}]},{"name":"김민주","id":"20501","data":[{"className":"AP 미적분학Ⅱ","id":"C"},{"className":"AP 일반화학Ⅱ","id":"A"},{"className":"AP 일반생물학","id":"B"},{"className":"논리적 글쓰기","id":"E"},{"className":"정수론","id":"D1"},{"className":"아름다운 바이오화학","id":"G"},{"className":"법과 정치","id":"M"},{"className":"고급영어작문","id":"F1"},{"className":"AP 일반화학실험Ⅱ","id":"J"},{"className":"AP 생명과학실험Ⅱ","id":"K"},{"className":"아티언스Ⅰ","id":"L"},{"className":"단체운동","id":"H1"}]},{"name":"여효련","id":"20502","data":[{"className":"AP 미적분학Ⅱ","id":"D"},{"className":"AP 일반물리학Ⅱ","id":"A"},{"className":"AP 일반생물학","id":"B"},{"className":"논리적 글쓰기","id":"H"},{"className":"일반지구과학Ⅱ","id":"C1"},{"className":"물상과학과 융합","id":"G"},{"className":"법과 정치","id":"K"},{"className":"고급영어작문","id":"M"},{"className":"AP 생명과학실험Ⅱ","id":"J"},{"className":"아티언스Ⅰ","id":"L"},{"className":"단체운동","id":"F2"}]},{"name":"김지환","id":"20504","data":[{"className":"AP 미적분학Ⅱ","id":"B"},{"className":"AP 일반물리학Ⅱ","id":"A"},{"className":"논리적 글쓰기","id":"F"},{"className":"정수론","id":"H"},{"className":"일반지구과학Ⅱ","id":"C1"},{"className":"융합@수학","id":"D1"},{"className":"법과 정치","id":"M"},{"className":"고급영어토론","id":"G1"},{"className":"AP 일반물리학실험Ⅱ","id":"K"},{"className":"아티언스Ⅰ","id":"J"},{"className":"단체운동","id":"L1"}]},{"name":"류도훈","id":"20505","data":[{"className":"AP 미적분학Ⅱ","id":"D"},{"className":"AP 일반물리학Ⅱ","id":"B"},{"className":"AP 일반화학Ⅱ","id":"A"},{"className":"논리적 글쓰기","id":"H"},{"className":"정수론","id":"E"},{"className":"웹프로그래밍","id":"F"},{"className":"융합@수학","id":"C2"},{"className":"법과 정치","id":"J"},{"className":"고급영어토론","id":"L"},{"className":"아티언스Ⅰ","id":"K"},{"className":"단체운동","id":"M1"}]},{"name":"성윤모","id":"20506","data":[{"className":"AP 미적분학Ⅱ","id":"B"},{"className":"AP 일반물리학Ⅱ","id":"C"},{"className":"논리적 글쓰기","id":"E"},{"className":"정수론","id":"H"},{"className":"알고리즘","id":"G"},{"className":"웹프로그래밍","id":"F"},{"className":"융합@수학","id":"D1"},{"className":"법과 정치","id":"J"},{"className":"고급영어작문","id":"M"},{"className":"아티언스Ⅰ","id":"K"},{"className":"단체운동","id":"L1"}]},{"name":"성준영","id":"20507","data":[{"className":"AP 미적분학Ⅱ","id":"D"},{"className":"AP 일반물리학Ⅱ","id":"B"},{"className":"논리적 글쓰기","id":"E"},{"className":"일반지구과학Ⅱ","id":"C1"},{"className":"알고리즘","id":"F"},{"className":"웹프로그래밍","id":"H"},{"className":"물상과학과 융합","id":"G"},{"className":"법과 정치","id":"J"},{"className":"고급영어토론","id":"L"},{"className":"아티언스Ⅰ","id":"K"},{"className":"단체운동","id":"M1"}]},{"name":"심예준","id":"20508","data":[{"className":"AP 미적분학Ⅱ","id":"B"},{"className":"AP 일반물리학Ⅱ","id":"C"},{"className":"논리적 글쓰기","id":"F"},{"className":"정수론","id":"D1"},{"className":"알고리즘","id":"G"},{"className":"웹프로그래밍","id":"H"},{"className":"융합@수학","id":"E"},{"className":"법과 정치","id":"J"},{"className":"고급영어작문","id":"M"},{"className":"아티언스Ⅰ","id":"K"}]},{"name":"안진서","id":"20509","data":[{"className":"AP 미적분학Ⅱ","id":"C"},{"className":"AP 일반화학Ⅱ","id":"A"},{"className":"AP 일반생물학","id":"B"},{"className":"논리적 글쓰기","id":"F"},{"className":"정수론","id":"E"},{"className":"아름다운 바이오화학","id":"H"},{"className":"법과 정치","id":"K"},{"className":"고급영어토론","id":"G1"},{"className":"AP 생명과학실험Ⅱ","id":"J"},{"className":"아티언스Ⅰ","id":"M"},{"className":"단체운동","id":"L1"}]},{"name":"이신형","id":"20510","data":[{"className":"AP 미적분학Ⅱ","id":"C"},{"className":"AP 일반화학Ⅱ","id":"B"},{"className":"AP 일반생물학","id":"A"},{"className":"논리적 글쓰기","id":"F"},{"className":"정수론","id":"E"},{"className":"웹프로그래밍","id":"D1"},{"className":"아름다운 바이오화학","id":"H"},{"className":"법과 정치","id":"J"},{"className":"고급영어토론","id":"G1"},{"className":"아티언스Ⅰ","id":"M"},{"className":"단체운동","id":"L1"}]},{"name":"이은석","id":"20511","data":[{"className":"AP 미적분학Ⅱ","id":"D"},{"className":"AP 일반물리학Ⅱ","id":"B"},{"className":"AP 일반화학Ⅱ","id":"C"},{"className":"논리적 글쓰기","id":"H"},{"className":"알고리즘","id":"F"},{"className":"융합@수학","id":"E"},{"className":"물상과학과 융합","id":"G"},{"className":"법과 정치","id":"J"},{"className":"고급영어작문","id":"M"},{"className":"아티언스Ⅰ","id":"L"}]},{"name":"정택준","id":"20512","data":[{"className":"AP 미적분학Ⅱ","id":"D"},{"className":"AP 일반물리학Ⅱ","id":"C"},{"className":"AP 일반화학Ⅱ","id":"A"},{"className":"논리적 글쓰기","id":"H"},{"className":"정수론","id":"E"},{"className":"알고리즘","id":"F"},{"className":"물상과학과 융합","id":"G"},{"className":"법과 정치","id":"K"},{"className":"고급영어토론","id":"L"},{"className":"아티언스Ⅰ","id":"J"},{"className":"단체운동","id":"M1"}]},{"name":"최건","id":"20513","data":[{"className":"AP 미적분학Ⅱ","id":"D"},{"className":"AP 일반물리학Ⅱ","id":"A"},{"className":"AP 일반화학Ⅱ","id":"B"},{"className":"논리적 글쓰기","id":"G"},{"className":"정수론","id":"H"},{"className":"웹프로그래밍","id":"F"},{"className":"융합@수학","id":"C2"},{"className":"법과 정치","id":"K"},{"className":"고급영어토론","id":"E1"},{"className":"아티언스Ⅰ","id":"M"},{"className":"단체운동","id":"L1"}]},{"name":"최윤성","id":"20514","data":[{"className":"AP 미적분학Ⅱ","id":"D"},{"className":"AP 일반물리학Ⅱ","id":"C"},{"className":"AP 일반화학Ⅱ","id":"A"},{"className":"논리적 글쓰기","id":"G"},{"className":"정수론","id":"H"},{"className":"웹프로그래밍","id":"F"},{"className":"융합@수학","id":"E"},{"className":"법과 정치","id":"K"},{"className":"고급영어작문","id":"M"},{"className":"아티언스Ⅰ","id":"J"}]},{"name":"최준서","id":"20515","data":[{"className":"AP 미적분학Ⅱ","id":"D"},{"className":"AP 일반물리학Ⅱ","id":"B"},{"className":"AP 일반화학Ⅱ","id":"A"},{"className":"논리적 글쓰기","id":"F"},{"className":"정수론","id":"H"},{"className":"융합@수학","id":"C2"},{"className":"법과 정치","id":"K"},{"className":"고급영어토론","id":"G1"},{"className":"아티언스Ⅰ","id":"J"},{"className":"단체운동","id":"M1"}]},{"name":"황수현","id":"20516","data":[{"className":"AP 미적분학Ⅱ","id":"D"},{"className":"AP 일반물리학Ⅱ","id":"B"},{"className":"논리적 글쓰기","id":"F"},{"className":"정수론","id":"H"},{"className":"일반지구과학Ⅱ","id":"C1"},{"className":"융합@수학","id":"E"},{"className":"물상과학과 융합","id":"G"},{"className":"법과 정치","id":"L"},{"className":"고급영어작문","id":"M"},{"className":"AP 일반물리학실험Ⅱ","id":"K"},{"className":"아티언스Ⅰ","id":"J"}]},{"name":"이주석","id":"30108","data":[{"className":"일반지구과학Ⅱ","id":"C1"},{"className":"알고리즘","id":"G"}]},{"name":"석효영","id":"30402","data":[{"className":"일반지구과학Ⅱ","id":"C1"},{"className":"알고리즘","id":"G"}]},{"name":"김민재","id":"30505","data":[{"className":"일반지구과학Ⅱ","id":"C1"}]}]}
