﻿{"class":[{"id":"J","className":"시사영어","place":"외국어3","day":"0","time":"0"},{"id":"D","className":"수학세미나Ⅱ","place":"수교6","day":"0","time":"1"},{"id":"D","className":"미분방정식","place":"수교5","day":"0","time":"1"},{"id":"D","className":"사회문화","place":"인문2","day":"0","time":"1"},{"id":"B","className":"수학세미나Ⅱ","place":"수교6","day":"0","time":"2"},{"id":"B","className":"미분방정식","place":"수교5","day":"0","time":"2"},{"id":"B","className":"문학감상과비평","place":"인문2","day":"0","time":"2"},{"id":"C","className":"수학세미나Ⅱ","place":"수교6","day":"0","time":"3"},{"id":"C","className":"시사영어","place":"외국어3","day":"0","time":"3"},{"id":"C","className":"독서","place":"인문2","day":"0","time":"3"},{"id":"K","className":"첨단화학","place":"수교6","day":"0","time":"4"},{"id":"K","className":"시사영어","place":"외국어1","day":"0","time":"4"},{"id":"K","className":"사회문화","place":"인문2","day":"0","time":"4"},{"id":"A","className":"수학세미나Ⅱ","place":"수교6","day":"0","time":"5"},{"id":"A","className":"미분방정식","place":"수교5","day":"0","time":"5"},{"id":"A","className":"분자생물학","place":"생교","day":"0","time":"5"},{"id":"A","className":"문학감상과비평","place":"인문2","day":"0","time":"5"},{"id":"A","className":"수학세미나Ⅱ","place":"수교6","day":"0","time":"6"},{"id":"A","className":"미분방정식","place":"수교5","day":"0","time":"6"},{"id":"A","className":"분자생물학","place":"생교","day":"0","time":"6"},{"id":"A","className":"문학감상과비평","place":"인문2","day":"0","time":"6"},{"id":"H","className":"고급물리학Ⅱ","place":"수R&E","day":"1","time":"0"},{"id":"H","className":"사회문화","place":"인문2","day":"1","time":"0"},{"id":"H1","className":"예술사","place":"디자인실","day":"1","time":"0"},{"id":"C1","className":"일반지구과학Ⅱ","place":"지실2","day":"1","time":"0"},{"id":"H","className":"고급물리학Ⅱ","place":"수R&E","day":"1","time":"1"},{"id":"H","className":"사회문화","place":"인문2","day":"1","time":"1"},{"id":"H1","className":"예술사","place":"음악실","day":"1","time":"1"},{"id":"C1","className":"일반지구과학Ⅱ","place":"지실2","day":"1","time":"1"},{"id":"C","className":"수학세미나Ⅱ","place":"수교6","day":"1","time":"2"},{"id":"C","className":"시사영어","place":"외국어3","day":"1","time":"2"},{"id":"C","className":"독서","place":"인문2","day":"1","time":"2"},{"id":"C2","className":"예술사","place":"디자인실","day":"1","time":"2"},{"id":"C","className":"수학세미나Ⅱ","place":"수교6","day":"1","time":"3"},{"id":"C","className":"시사영어","place":"외국어3","day":"1","time":"3"},{"id":"C","className":"독서","place":"인문2","day":"1","time":"3"},{"id":"C2","className":"예술사","place":"음악실","day":"1","time":"3"},{"id":"G","className":"고급물리학Ⅱ","place":"물실1","day":"1","time":"4"},{"id":"G","className":"독서","place":"인문2","day":"1","time":"4"},{"id":"G","className":"알고리즘","place":"컴퓨터2","day":"1","time":"4"},{"id":"K","className":"첨단화학","place":"수교6","day":"1","time":"5"},{"id":"K","className":"시사영어","place":"외국어3","day":"1","time":"5"},{"id":"K","className":"사회문화","place":"인문2","day":"1","time":"5"},{"id":"K1","className":"예술사","place":"디자인실","day":"1","time":"5"},{"id":"K","className":"첨단화학","place":"수교6","day":"1","time":"6"},{"id":"K","className":"시사영어","place":"외국어3","day":"1","time":"6"},{"id":"K","className":"사회문화","place":"인문2","day":"1","time":"6"},{"id":"K1","className":"예술사","place":"음악실","day":"1","time":"6"},{"id":"D","className":"수학세미나Ⅱ","place":"수교6","day":"2","time":"0"},{"id":"D","className":"미분방정식","place":"수교5","day":"2","time":"0"},{"id":"D","className":"사회문화","place":"인문2","day":"2","time":"0"},{"id":"D","className":"수학세미나Ⅱ","place":"수교6","day":"2","time":"1"},{"id":"D","className":"미분방정식","place":"수교5","day":"2","time":"1"},{"id":"D","className":"사회문화","place":"인문2","day":"2","time":"1"},{"id":"F","className":"물리학세미나Ⅱ","place":"수R&E","day":"2","time":"2"},{"id":"F","className":"화학세미나Ⅱ","place":"수교6","day":"2","time":"2"},{"id":"F","className":"생물학세미나Ⅱ","place":"생교","day":"2","time":"2"},{"id":"F","className":"시사영어","place":"외국어3","day":"2","time":"2"},{"id":"F","className":"독서","place":"인문2","day":"2","time":"2"},{"id":"F","className":"물리학세미나Ⅱ","place":"수R&E","day":"2","time":"3"},{"id":"F","className":"화학세미나Ⅱ","place":"수교6","day":"2","time":"3"},{"id":"F","className":"생물학세미나Ⅱ","place":"생교","day":"2","time":"3"},{"id":"F","className":"시사영어","place":"외국어3","day":"2","time":"3"},{"id":"F","className":"독서","place":"인문2","day":"2","time":"3"},{"id":"E1","className":"정보과학프로젝트Ⅱ","place":"컴퓨터2","day":"2","time":"4"},{"id":"F","className":"물리학세미나Ⅱ","place":"수R&E","day":"3","time":"0"},{"id":"F","className":"화학세미나Ⅱ","place":"수교6","day":"3","time":"0"},{"id":"F","className":"생물학세미나Ⅱ","place":"생교","day":"3","time":"0"},{"id":"F","className":"시사영어","place":"외국어1","day":"3","time":"0"},{"id":"F","className":"독서","place":"인문2","day":"3","time":"0"},{"id":"A","className":"수학세미나Ⅱ","place":"수교6","day":"3","time":"1"},{"id":"A","className":"미분방정식","place":"수교5","day":"3","time":"1"},{"id":"A","className":"분자생물학","place":"생교","day":"3","time":"1"},{"id":"A","className":"문학감상과비평","place":"인문2","day":"3","time":"1"},{"id":"E","className":"물리학세미나Ⅱ","place":"수R&E","day":"3","time":"2"},{"id":"E","className":"화학세미나Ⅱ","place":"수교6","day":"3","time":"2"},{"id":"E1","className":"정보과학프로젝트Ⅱ","place":"컴퓨터2","day":"3","time":"2"},{"id":"E","className":"물리학세미나Ⅱ","place":"수R&E","day":"3","time":"3"},{"id":"E","className":"화학세미나Ⅱ","place":"수교6","day":"3","time":"3"},{"id":"E1","className":"정보과학프로젝트Ⅱ","place":"컴퓨터2","day":"3","time":"3"},{"id":"H","className":"고급물리학Ⅱ","place":"물실1","day":"3","time":"4"},{"id":"H","className":"사회문화","place":"인문2","day":"3","time":"4"},{"id":"C1","className":"일반지구과학Ⅱ","place":"지실2","day":"3","time":"4"},{"id":"B","className":"수학세미나Ⅱ","place":"수교6","day":"3","time":"5"},{"id":"B","className":"미분방정식","place":"수교5","day":"3","time":"5"},{"id":"B","className":"문학감상과비평","place":"인문2","day":"3","time":"5"},{"id":"B","className":"수학세미나Ⅱ","place":"수교6","day":"3","time":"6"},{"id":"B","className":"미분방정식","place":"수교5","day":"3","time":"6"},{"id":"B","className":"문학감상과비평","place":"인문2","day":"3","time":"6"},{"id":"G","className":"고급물리학Ⅱ","place":"수R&E","day":"4","time":"0"},{"id":"G","className":"독서","place":"인문2","day":"4","time":"0"},{"id":"G","className":"알고리즘","place":"컴퓨터2","day":"4","time":"0"},{"id":"G","className":"고급물리학Ⅱ","place":"수R&E","day":"4","time":"1"},{"id":"G","className":"독서","place":"인문2","day":"4","time":"1"},{"id":"G","className":"알고리즘","place":"컴퓨터2","day":"4","time":"1"},{"id":"J","className":"시사영어","place":"외국어3","day":"4","time":"2"},{"id":"J1","className":"예술사","place":"음악실","day":"4","time":"2"},{"id":"J","className":"시사영어","place":"외국어3","day":"4","time":"3"},{"id":"J1","className":"예술사","place":"디자인실","day":"4","time":"3"},{"id":"E","className":"물리학세미나Ⅱ","place":"수R&E","day":"4","time":"4"},{"id":"E","className":"화학세미나Ⅱ","place":"수교6","day":"4","time":"4"}],"user":[{"name":"유선혜","id":"30101","data":[{"className":"수학세미나Ⅱ","id":"B"},{"className":"시사영어","id":"C"},{"className":"미분방정식","id":"D"},{"className":"화학세미나Ⅱ","id":"E"},{"className":"문학감상과비평","id":"A"},{"className":"독서","id":"F"},{"className":"예술사","id":"K1"}]},{"name":"이연서","id":"30102","data":[{"className":"수학세미나Ⅱ","id":"B"},{"className":"시사영어","id":"F"},{"className":"화학세미나Ⅱ","id":"E"},{"className":"문학감상과비평","id":"A"},{"className":"독서","id":"C"},{"className":"사회문화","id":"D"},{"className":"첨단화학","id":"K"},{"className":"예술사","id":"J1"}]},{"name":"이지운","id":"30103","data":[{"className":"수학세미나Ⅱ","id":"C"},{"className":"미분방정식","id":"B"},{"className":"화학세미나Ⅱ","id":"E"},{"className":"문학감상과비평","id":"A"},{"className":"독서","id":"F"},{"className":"사회문화","id":"D"},{"className":"첨단화학","id":"K"},{"className":"예술사","id":"J1"}]},{"name":"유승현","id":"30104","data":[{"className":"수학세미나Ⅱ","id":"A"},{"className":"시사영어","id":"F"},{"className":"미분방정식","id":"B"},{"className":"화학세미나Ⅱ","id":"E"},{"className":"독서","id":"C"},{"className":"사회문화","id":"D"},{"className":"예술사","id":"K1"}]},{"name":"육민재","id":"30105","data":[{"className":"수학세미나Ⅱ","id":"A"},{"className":"시사영어","id":"J"},{"className":"미분방정식","id":"B"},{"className":"화학세미나Ⅱ","id":"E"},{"className":"독서","id":"F"},{"className":"사회문화","id":"K"},{"className":"예술사","id":"C2"}]},{"name":"이서현","id":"30106","data":[{"className":"수학세미나Ⅱ","id":"A"},{"className":"시사영어","id":"J"},{"className":"미분방정식","id":"B"},{"className":"화학세미나Ⅱ","id":"F"},{"className":"독서","id":"C"},{"className":"정보과학프로젝트Ⅱ","id":"E1"},{"className":"예술사","id":"H1"}]},{"name":"이재성","id":"30107","data":[{"className":"수학세미나Ⅱ","id":"A"},{"className":"시사영어","id":"F"},{"className":"미분방정식","id":"B"},{"className":"화학세미나Ⅱ","id":"E"},{"className":"독서","id":"C"},{"className":"사회문화","id":"K"},{"className":"예술사","id":"J1"}]},{"name":"이주석","id":"30108","data":[{"className":"일반지구과학Ⅱ","id":"C1"},{"className":"알고리즘","id":"G"},{"className":"수학세미나Ⅱ","id":"B"},{"className":"화학세미나Ⅱ","id":"E"},{"className":"문학감상과비평","id":"A"},{"className":"독서","id":"F"},{"className":"사회문화","id":"D"},{"className":"첨단화학","id":"K"},{"className":"예술사","id":"J1"}]},{"name":"이효준","id":"30109","data":[{"className":"수학세미나Ⅱ","id":"A"},{"className":"시사영어","id":"F"},{"className":"미분방정식","id":"D"},{"className":"화학세미나Ⅱ","id":"E"},{"className":"독서","id":"C"},{"className":"첨단화학","id":"K"},{"className":"예술사","id":"H1"}]},{"name":"임승빈","id":"30110","data":[{"className":"수학세미나Ⅱ","id":"B"},{"className":"시사영어","id":"C"},{"className":"화학세미나Ⅱ","id":"F"},{"className":"문학감상과비평","id":"A"},{"className":"사회문화","id":"D"},{"className":"첨단화학","id":"K"}]},{"name":"임태준","id":"30111","data":[{"className":"수학세미나Ⅱ","id":"C"},{"className":"시사영어","id":"J"},{"className":"미분방정식","id":"A"},{"className":"화학세미나Ⅱ","id":"F"},{"className":"문학감상과비평","id":"B"},{"className":"첨단화학","id":"K"},{"className":"예술사","id":"H1"}]},{"name":"전세진","id":"30112","data":[{"className":"수학세미나Ⅱ","id":"A"},{"className":"시사영어","id":"J"},{"className":"미분방정식","id":"B"},{"className":"화학세미나Ⅱ","id":"E"},{"className":"독서","id":"F"},{"className":"첨단화학","id":"K"},{"className":"예술사","id":"C2"}]},{"name":"정준교","id":"30113","data":[{"className":"수학세미나Ⅱ","id":"A"},{"className":"시사영어","id":"J"},{"className":"미분방정식","id":"D"},{"className":"화학세미나Ⅱ","id":"F"},{"className":"문학감상과비평","id":"B"},{"className":"첨단화학","id":"K"},{"className":"예술사","id":"C2"}]},{"name":"정준영","id":"30114","data":[{"className":"수학세미나Ⅱ","id":"A"},{"className":"시사영어","id":"J"},{"className":"미분방정식","id":"B"},{"className":"화학세미나Ⅱ","id":"F"},{"className":"사회문화","id":"D"},{"className":"첨단화학","id":"K"},{"className":"예술사","id":"C2"}]},{"name":"최석주","id":"30115","data":[{"className":"수학세미나Ⅱ","id":"A"},{"className":"미분방정식","id":"D"},{"className":"화학세미나Ⅱ","id":"F"},{"className":"문학감상과비평","id":"B"},{"className":"사회문화","id":"H"},{"className":"첨단화학","id":"K"},{"className":"예술사","id":"C2"}]},{"name":"김서현","id":"30201","data":[{"className":"수학세미나Ⅱ","id":"C"},{"className":"시사영어","id":"K"},{"className":"물리학세미나Ⅱ","id":"E"},{"className":"문학감상과비평","id":"A"},{"className":"독서","id":"F"},{"className":"사회문화","id":"D"},{"className":"예술사","id":"J1"}]},{"name":"배윤진","id":"30202","data":[{"className":"수학세미나Ⅱ","id":"D"},{"className":"시사영어","id":"F"},{"className":"미분방정식","id":"B"},{"className":"물리학세미나Ⅱ","id":"E"},{"className":"고급물리학Ⅱ","id":"H"},{"className":"독서","id":"C"},{"className":"예술사","id":"K1"}]},{"name":"이재은","id":"30203","data":[{"className":"수학세미나Ⅱ","id":"C"},{"className":"시사영어","id":"F"},{"className":"미분방정식","id":"A"},{"className":"물리학세미나Ⅱ","id":"E"},{"className":"문학감상과비평","id":"B"},{"className":"독서","id":"G"},{"className":"사회문화","id":"K"},{"className":"예술사","id":"J1"}]},{"name":"강한이","id":"30204","data":[{"className":"수학세미나Ⅱ","id":"D"},{"className":"시사영어","id":"F"},{"className":"미분방정식","id":"B"},{"className":"물리학세미나Ⅱ","id":"E"},{"className":"독서","id":"C"},{"className":"사회문화","id":"K"},{"className":"예술사","id":"J1"}]},{"name":"김민성","id":"30205","data":[{"className":"수학세미나Ⅱ","id":"D"},{"className":"미분방정식","id":"B"},{"className":"물리학세미나Ⅱ","id":"E"},{"className":"고급물리학Ⅱ","id":"G"},{"className":"독서","id":"F"},{"className":"사회문화","id":"K"},{"className":"예술사","id":"H1"}]},{"name":"김민준","id":"30206","data":[{"className":"수학세미나Ⅱ","id":"A"},{"className":"미분방정식","id":"D"},{"className":"물리학세미나Ⅱ","id":"F"},{"className":"고급물리학Ⅱ","id":"G"},{"className":"문학감상과비평","id":"B"},{"className":"정보과학프로젝트Ⅱ","id":"E1"},{"className":"예술사","id":"K1"}]},{"name":"김이수","id":"30207","data":[{"className":"수학세미나Ⅱ","id":"D"},{"className":"시사영어","id":"F"},{"className":"물리학세미나Ⅱ","id":"E"},{"className":"고급물리학Ⅱ","id":"G"},{"className":"독서","id":"C"},{"className":"사회문화","id":"K"},{"className":"예술사","id":"H1"}]},{"name":"김준회","id":"30208","data":[{"className":"수학세미나Ⅱ","id":"C"},{"className":"시사영어","id":"F"},{"className":"미분방정식","id":"D"},{"className":"물리학세미나Ⅱ","id":"E"},{"className":"문학감상과비평","id":"A"},{"className":"사회문화","id":"K"},{"className":"예술사","id":"J1"}]},{"name":"김태형","id":"30209","data":[{"className":"수학세미나Ⅱ","id":"A"},{"className":"미분방정식","id":"D"},{"className":"물리학세미나Ⅱ","id":"E"},{"className":"고급물리학Ⅱ","id":"G"},{"className":"독서","id":"F"},{"className":"사회문화","id":"H"},{"className":"예술사","id":"K1"}]},{"name":"박준섭","id":"30210","data":[{"className":"수학세미나Ⅱ","id":"A"},{"className":"시사영어","id":"J"},{"className":"미분방정식","id":"D"},{"className":"물리학세미나Ⅱ","id":"F"},{"className":"고급물리학Ⅱ","id":"G"},{"className":"독서","id":"C"}]},{"name":"신지호","id":"30211","data":[{"className":"수학세미나Ⅱ","id":"A"},{"className":"미분방정식","id":"D"},{"className":"물리학세미나Ⅱ","id":"F"},{"className":"고급물리학Ⅱ","id":"G"},{"className":"독서","id":"C"},{"className":"사회문화","id":"H"},{"className":"예술사","id":"J1"}]},{"name":"심우용","id":"30212","data":[{"className":"수학세미나Ⅱ","id":"A"},{"className":"시사영어","id":"J"},{"className":"미분방정식","id":"D"},{"className":"물리학세미나Ⅱ","id":"F"},{"className":"고급물리학Ⅱ","id":"G"},{"className":"문학감상과비평","id":"B"},{"className":"정보과학프로젝트Ⅱ","id":"E1"},{"className":"예술사","id":"C2"}]},{"name":"장현우","id":"30214","data":[{"className":"수학세미나Ⅱ","id":"D"},{"className":"시사영어","id":"K"},{"className":"미분방정식","id":"A"},{"className":"물리학세미나Ⅱ","id":"F"},{"className":"독서","id":"C"},{"className":"사회문화","id":"H"},{"className":"정보과학프로젝트Ⅱ","id":"E1"},{"className":"예술사","id":"J1"}]},{"name":"전윤조","id":"30215","data":[{"className":"수학세미나Ⅱ","id":"B"},{"className":"시사영어","id":"F"},{"className":"미분방정식","id":"A"},{"className":"물리학세미나Ⅱ","id":"E"},{"className":"고급물리학Ⅱ","id":"G"},{"className":"독서","id":"C"},{"className":"예술사","id":"J1"}]},{"name":"강세인","id":"30301","data":[{"className":"수학세미나Ⅱ","id":"B"},{"className":"시사영어","id":"C"},{"className":"화학세미나Ⅱ","id":"F"},{"className":"문학감상과비평","id":"A"},{"className":"사회문화","id":"D"},{"className":"첨단화학","id":"K"},{"className":"예술사","id":"H1"}]},{"name":"김무성","id":"30302","data":[{"className":"수학세미나Ⅱ","id":"D"},{"className":"시사영어","id":"K"},{"className":"미분방정식","id":"B"},{"className":"물리학세미나Ⅱ","id":"E"},{"className":"고급물리학Ⅱ","id":"G"},{"className":"독서","id":"F"},{"className":"예술사","id":"C2"}]},{"name":"김민곤","id":"30303","data":[{"className":"수학세미나Ⅱ","id":"B"},{"className":"시사영어","id":"F"},{"className":"화학세미나Ⅱ","id":"E"},{"className":"문학감상과비평","id":"A"},{"className":"사회문화","id":"D"},{"className":"첨단화학","id":"K"},{"className":"예술사","id":"H1"}]},{"name":"김민석","id":"30304","data":[{"className":"수학세미나Ⅱ","id":"C"},{"className":"시사영어","id":"F"},{"className":"미분방정식","id":"D"},{"className":"물리학세미나Ⅱ","id":"E"},{"className":"고급물리학Ⅱ","id":"G"},{"className":"문학감상과비평","id":"A"},{"className":"예술사","id":"K1"}]},{"name":"김준서","id":"30305","data":[{"className":"수학세미나Ⅱ","id":"D"},{"className":"시사영어","id":"K"},{"className":"미분방정식","id":"B"},{"className":"물리학세미나Ⅱ","id":"E"},{"className":"고급물리학Ⅱ","id":"H"},{"className":"독서","id":"F"},{"className":"예술사","id":"C2"}]},{"name":"김태현","id":"30306","data":[{"className":"수학세미나Ⅱ","id":"D"},{"className":"시사영어","id":"C"},{"className":"미분방정식","id":"A"},{"className":"물리학세미나Ⅱ","id":"E"},{"className":"고급물리학Ⅱ","id":"H"},{"className":"독서","id":"F"},{"className":"사회문화","id":"K"}]},{"name":"김현우","id":"30307","data":[{"className":"수학세미나Ⅱ","id":"D"},{"className":"시사영어","id":"C"},{"className":"미분방정식","id":"B"},{"className":"물리학세미나Ⅱ","id":"F"},{"className":"독서","id":"G"},{"className":"정보과학프로젝트Ⅱ","id":"E1"},{"className":"예술사","id":"J1"}]},{"name":"박재우","id":"30308","data":[{"className":"수학세미나Ⅱ","id":"C"},{"className":"시사영어","id":"J"},{"className":"미분방정식","id":"A"},{"className":"물리학세미나Ⅱ","id":"E"},{"className":"고급물리학Ⅱ","id":"H"},{"className":"독서","id":"F"},{"className":"예술사","id":"K1"}]},{"name":"박준하","id":"30309","data":[{"className":"수학세미나Ⅱ","id":"D"},{"className":"시사영어","id":"K"},{"className":"미분방정식","id":"A"},{"className":"물리학세미나Ⅱ","id":"F"},{"className":"고급물리학Ⅱ","id":"H"},{"className":"독서","id":"G"},{"className":"정보과학프로젝트Ⅱ","id":"E1"},{"className":"예술사","id":"C2"}]},{"name":"안형준","id":"30310","data":[{"className":"수학세미나Ⅱ","id":"C"},{"className":"시사영어","id":"F"},{"className":"화학세미나Ⅱ","id":"E"},{"className":"독서","id":"G"},{"className":"사회문화","id":"D"},{"className":"첨단화학","id":"K"},{"className":"예술사","id":"H1"}]},{"name":"오승윤","id":"30311","data":[{"className":"수학세미나Ⅱ","id":"D"},{"className":"시사영어","id":"C"},{"className":"고급물리학Ⅱ","id":"G"},{"className":"화학세미나Ⅱ","id":"F"},{"className":"문학감상과비평","id":"A"},{"className":"첨단화학","id":"K"},{"className":"예술사","id":"J1"}]},{"name":"이규광","id":"30312","data":[{"className":"수학세미나Ⅱ","id":"D"},{"className":"시사영어","id":"C"},{"className":"미분방정식","id":"A"},{"className":"물리학세미나Ⅱ","id":"F"},{"className":"사회문화","id":"H"},{"className":"예술사","id":"K1"}]},{"name":"임수현","id":"30313","data":[{"className":"수학세미나Ⅱ","id":"D"},{"className":"시사영어","id":"C"},{"className":"미분방정식","id":"A"},{"className":"물리학세미나Ⅱ","id":"F"},{"className":"독서","id":"G"},{"className":"사회문화","id":"H"},{"className":"예술사","id":"K1"}]},{"name":"지준호","id":"30314","data":[{"className":"수학세미나Ⅱ","id":"A"},{"className":"시사영어","id":"C"},{"className":"화학세미나Ⅱ","id":"E"},{"className":"독서","id":"F"},{"className":"사회문화","id":"D"},{"className":"첨단화학","id":"K"},{"className":"예술사","id":"J1"}]},{"name":"황지현","id":"30315","data":[{"className":"수학세미나Ⅱ","id":"B"},{"className":"미분방정식","id":"A"},{"className":"물리학세미나Ⅱ","id":"F"},{"className":"고급물리학Ⅱ","id":"H"},{"className":"독서","id":"C"},{"className":"사회문화","id":"D"},{"className":"예술사","id":"K1"}]},{"name":"김수빈","id":"30401","data":[{"className":"수학세미나Ⅱ","id":"C"},{"className":"시사영어","id":"J"},{"className":"미분방정식","id":"B"},{"className":"독서","id":"G"},{"className":"사회문화","id":"K"},{"className":"생물학세미나Ⅱ","id":"F"},{"className":"분자생물학","id":"A"},{"className":"예술사","id":"H1"}]},{"name":"석효영","id":"30402","data":[{"className":"일반지구과학Ⅱ","id":"C1"},{"className":"알고리즘","id":"G"},{"className":"수학세미나Ⅱ","id":"B"},{"className":"시사영어","id":"J"},{"className":"독서","id":"C"},{"className":"사회문화","id":"D"},{"className":"생물학세미나Ⅱ","id":"F"},{"className":"분자생물학","id":"A"},{"className":"예술사","id":"K1"}]},{"name":"이은용","id":"30403","data":[{"className":"수학세미나Ⅱ","id":"C"},{"className":"시사영어","id":"J"},{"className":"문학감상과비평","id":"B"},{"className":"독서","id":"G"},{"className":"사회문화","id":"K"},{"className":"생물학세미나Ⅱ","id":"F"},{"className":"분자생물학","id":"A"},{"className":"예술사","id":"H1"}]},{"name":"최수연","id":"30404","data":[{"className":"수학세미나Ⅱ","id":"C"},{"className":"시사영어","id":"J"},{"className":"미분방정식","id":"D"},{"className":"문학감상과비평","id":"B"},{"className":"생물학세미나Ⅱ","id":"F"},{"className":"분자생물학","id":"A"},{"className":"예술사","id":"K1"}]},{"name":"구혁모","id":"30405","data":[{"className":"수학세미나Ⅱ","id":"A"},{"className":"미분방정식","id":"B"},{"className":"화학세미나Ⅱ","id":"F"},{"className":"독서","id":"G"},{"className":"사회문화","id":"H"},{"className":"첨단화학","id":"K"},{"className":"예술사","id":"C2"}]},{"name":"김도윤","id":"30406","data":[{"className":"수학세미나Ⅱ","id":"C"},{"className":"시사영어","id":"K"},{"className":"문학감상과비평","id":"B"},{"className":"독서","id":"G"},{"className":"생물학세미나Ⅱ","id":"F"},{"className":"분자생물학","id":"A"},{"className":"예술사","id":"H1"}]},{"name":"김동현","id":"30407","data":[{"className":"수학세미나Ⅱ","id":"A"},{"className":"시사영어","id":"C"},{"className":"미분방정식","id":"D"},{"className":"화학세미나Ⅱ","id":"F"},{"className":"문학감상과비평","id":"B"},{"className":"독서","id":"G"},{"className":"사회문화","id":"H"},{"className":"첨단화학","id":"K"},{"className":"정보과학프로젝트Ⅱ","id":"E1"},{"className":"예술사","id":"J1"}]},{"name":"김연진","id":"30408","data":[{"className":"수학세미나Ⅱ","id":"D"},{"className":"시사영어","id":"K"},{"className":"문학감상과비평","id":"B"},{"className":"독서","id":"G"},{"className":"사회문화","id":"H"},{"className":"생물학세미나Ⅱ","id":"F"},{"className":"분자생물학","id":"A"},{"className":"예술사","id":"C2"}]},{"name":"김용문","id":"30409","data":[{"className":"수학세미나Ⅱ","id":"D"},{"className":"시사영어","id":"C"},{"className":"문학감상과비평","id":"B"},{"className":"사회문화","id":"H"},{"className":"생물학세미나Ⅱ","id":"F"},{"className":"분자생물학","id":"A"},{"className":"예술사","id":"K1"}]},{"name":"박상진","id":"30410","data":[{"className":"수학세미나Ⅱ","id":"B"},{"className":"시사영어","id":"C"},{"className":"독서","id":"G"},{"className":"사회문화","id":"H"},{"className":"생물학세미나Ⅱ","id":"F"},{"className":"분자생물학","id":"A"},{"className":"예술사","id":"K1"}]},{"name":"박정환","id":"30411","data":[{"className":"수학세미나Ⅱ","id":"D"},{"className":"시사영어","id":"C"},{"className":"미분방정식","id":"B"},{"className":"화학세미나Ⅱ","id":"F"},{"className":"독서","id":"G"},{"className":"첨단화학","id":"K"},{"className":"예술사","id":"J1"}]},{"name":"설의준","id":"30412","data":[{"className":"수학세미나Ⅱ","id":"B"},{"className":"시사영어","id":"K"},{"className":"독서","id":"C"},{"className":"생물학세미나Ⅱ","id":"F"},{"className":"분자생물학","id":"A"},{"className":"예술사","id":"H1"}]},{"name":"정의태","id":"30413","data":[{"className":"수학세미나Ⅱ","id":"B"},{"className":"시사영어","id":"K"},{"className":"미분방정식","id":"D"},{"className":"사회문화","id":"H"},{"className":"생물학세미나Ⅱ","id":"F"},{"className":"분자생물학","id":"A"},{"className":"예술사","id":"C2"}]},{"name":"정지민","id":"30414","data":[{"className":"수학세미나Ⅱ","id":"C"},{"className":"시사영어","id":"K"},{"className":"문학감상과비평","id":"B"},{"className":"독서","id":"G"},{"className":"생물학세미나Ⅱ","id":"F"},{"className":"분자생물학","id":"A"},{"className":"예술사","id":"J1"}]},{"name":"채민규","id":"30415","data":[{"className":"수학세미나Ⅱ","id":"D"},{"className":"시사영어","id":"C"},{"className":"미분방정식","id":"B"},{"className":"화학세미나Ⅱ","id":"F"},{"className":"독서","id":"G"},{"className":"예술사","id":"K1"}]},{"name":"함형서","id":"30416","data":[{"className":"수학세미나Ⅱ","id":"D"},{"className":"시사영어","id":"J"},{"className":"문학감상과비평","id":"B"},{"className":"독서","id":"G"},{"className":"사회문화","id":"K"},{"className":"생물학세미나Ⅱ","id":"F"},{"className":"분자생물학","id":"A"},{"className":"예술사","id":"C2"}]},{"name":"정지운","id":"30417","data":[{"className":"수학세미나Ⅱ","id":"B"},{"className":"시사영어","id":"K"},{"className":"미분방정식","id":"A"},{"className":"사회문화","id":"H"},{"className":"생물학세미나Ⅱ","id":"F"},{"className":"예술사","id":"C2"}]},{"name":"김나연","id":"30501","data":[{"className":"수학세미나Ⅱ","id":"C"},{"className":"시사영어","id":"F"},{"className":"미분방정식","id":"A"},{"className":"물리학세미나Ⅱ","id":"E"},{"className":"고급물리학Ⅱ","id":"H"},{"className":"문학감상과비평","id":"B"},{"className":"사회문화","id":"D"},{"className":"예술사","id":"K1"}]},{"name":"왕수진","id":"30502","data":[{"className":"수학세미나Ⅱ","id":"C"},{"className":"미분방정식","id":"A"},{"className":"물리학세미나Ⅱ","id":"E"},{"className":"문학감상과비평","id":"B"},{"className":"독서","id":"F"},{"className":"사회문화","id":"K"},{"className":"예술사","id":"H1"}]},{"name":"강유석","id":"30503","data":[{"className":"수학세미나Ⅱ","id":"C"},{"className":"시사영어","id":"F"},{"className":"미분방정식","id":"D"},{"className":"물리학세미나Ⅱ","id":"E"},{"className":"문학감상과비평","id":"A"},{"className":"예술사","id":"H1"}]},{"name":"김건형","id":"30504","data":[{"className":"수학세미나Ⅱ","id":"C"},{"className":"미분방정식","id":"D"},{"className":"물리학세미나Ⅱ","id":"F"},{"className":"고급물리학Ⅱ","id":"H"},{"className":"문학감상과비평","id":"A"},{"className":"사회문화","id":"K"},{"className":"예술사","id":"J1"}]},{"name":"김민재","id":"30505","data":[{"className":"일반지구과학Ⅱ","id":"C1"},{"className":"수학세미나Ⅱ","id":"C"},{"className":"미분방정식","id":"D"},{"className":"물리학세미나Ⅱ","id":"F"},{"className":"고급물리학Ⅱ","id":"G"},{"className":"문학감상과비평","id":"A"},{"className":"사회문화","id":"K"}]},{"name":"김성년","id":"30506","data":[{"className":"수학세미나Ⅱ","id":"B"},{"className":"시사영어","id":"J"},{"className":"미분방정식","id":"A"},{"className":"물리학세미나Ⅱ","id":"F"},{"className":"고급물리학Ⅱ","id":"H"},{"className":"독서","id":"G"},{"className":"사회문화","id":"K"},{"className":"예술사","id":"C2"}]},{"name":"김준현","id":"30507","data":[{"className":"수학세미나Ⅱ","id":"B"},{"className":"시사영어","id":"K"},{"className":"미분방정식","id":"D"},{"className":"물리학세미나Ⅱ","id":"F"},{"className":"문학감상과비평","id":"A"},{"className":"독서","id":"C"},{"className":"예술사","id":"H1"}]},{"name":"신동우","id":"30508","data":[{"className":"수학세미나Ⅱ","id":"B"},{"className":"시사영어","id":"K"},{"className":"미분방정식","id":"A"},{"className":"물리학세미나Ⅱ","id":"F"},{"className":"독서","id":"C"},{"className":"예술사","id":"H1"}]},{"name":"오서진","id":"30509","data":[{"className":"수학세미나Ⅱ","id":"B"},{"className":"시사영어","id":"K"},{"className":"미분방정식","id":"A"},{"className":"물리학세미나Ⅱ","id":"F"},{"className":"독서","id":"C"},{"className":"정보과학프로젝트Ⅱ","id":"E1"},{"className":"예술사","id":"H1"}]},{"name":"윤지민","id":"30510","data":[{"className":"수학세미나Ⅱ","id":"B"},{"className":"시사영어","id":"K"},{"className":"미분방정식","id":"A"},{"className":"물리학세미나Ⅱ","id":"E"},{"className":"고급물리학Ⅱ","id":"H"},{"className":"독서","id":"F"},{"className":"예술사","id":"C2"}]},{"name":"이규연","id":"30511","data":[{"className":"수학세미나Ⅱ","id":"B"},{"className":"시사영어","id":"C"},{"className":"물리학세미나Ⅱ","id":"F"},{"className":"문학감상과비평","id":"A"},{"className":"정보과학프로젝트Ⅱ","id":"E1"},{"className":"예술사","id":"H1"}]},{"name":"이민준","id":"30512","data":[{"className":"수학세미나Ⅱ","id":"D"},{"className":"미분방정식","id":"B"},{"className":"물리학세미나Ⅱ","id":"E"},{"className":"고급물리학Ⅱ","id":"H"},{"className":"독서","id":"F"},{"className":"사회문화","id":"K"},{"className":"예술사","id":"C2"}]},{"name":"이성학","id":"30513","data":[{"className":"수학세미나Ⅱ","id":"C"},{"className":"미분방정식","id":"A"},{"className":"물리학세미나Ⅱ","id":"F"},{"className":"문학감상과비평","id":"B"},{"className":"독서","id":"G"},{"className":"사회문화","id":"H"},{"className":"예술사","id":"K1"}]},{"name":"최기혁","id":"30514","data":[{"className":"수학세미나Ⅱ","id":"A"},{"className":"미분방정식","id":"B"},{"className":"물리학세미나Ⅱ","id":"F"},{"className":"고급물리학Ⅱ","id":"H"},{"className":"사회문화","id":"D"},{"className":"예술사","id":"K1"}]},{"name":"탁건우","id":"30515","data":[{"className":"수학세미나Ⅱ","id":"A"},{"className":"시사영어","id":"K"},{"className":"미분방정식","id":"D"},{"className":"물리학세미나Ⅱ","id":"F"},{"className":"문학감상과비평","id":"B"},{"className":"사회문화","id":"H"},{"className":"예술사","id":"C2"}]}]}